<?xml version="1.0" encoding="UTF-8"?><changeHistory><change uid="jt91b78i-3fbd" user="Various individuals"/><change uid="jt9bw6u8-knfb" user="JAC"/><change uid="jtgb47x1-lhxk" user="JAC"/><change uid="jtgb97ru-53or" user="JAC"/><change uid="jthq8zpa-fgvd" user="JAC"/><change uid="jthqabfz-bkli" user="JAC"/><change uid="jthqitq9-9utg" user="JAC"/><change uid="jthql13m-igqi" user="JAC"/><change uid="jthqwg6l-g18b" user="JAC"/><change uid="jthr9o62-p1sc" user="JAC"/><change uid="jthrtj74-7v0d" user="JAC"/><change uid="jthrxz82-lepi" user="JAC"/><change uid="jthrzhwp-5oiv" user="JAC"/><change uid="jthtmowa-4nqt" user="JAC"/><change uid="jthtsoxy-38wf" user="JAC"/><change uid="jthtuj75-8276" user="JAC"/><change uid="jthty5q4-91tz" user="JAC"/><change uid="jthu2dt1-gqsm" user="JAC"/><change uid="jthvxsbi-mt8" user="JAC"/><change uid="jthw2lta-nms8" user="JAC"/><change uid="jthw6r8e-bg46" user="JAC"/><change uid="jthxklbv-5vow" user="JAC"/><change uid="jthxn4od-sp6x" user="JAC"/><change uid="jtopjgaq-atci" user="JAC"/><change uid="jtopm9z9-sso4" user="JAC"/></changeHistory>