<?xml version='1.0' encoding='UTF-8'?>
<project name='Control de Acceso para Laboratorio de Microcontroladores (ITSZO)' id='5946261' tid='jsuupmho:5946261' labels='none' dumpFileVersion='4.7.0' dumpTimestamp='@1553540023417'>
  <teamMember name='Samanta Castro Hernandez' tmid='1928806240' initials='SCH' color='#66ff99' subteams='' startDate='@1552867200000' startCalendarDate='2019-03-18' endWeek='9' hoursPerWeek='10.0'>
    <scheduleException week='0' hours='10.0'/>
  </teamMember>
  <teamMember name='Bety  Miranda Miranda' tmid='526816793' initials='BMM' color='#9900cc' subteams='' startDate='@1552867200000' startCalendarDate='2019-03-18' endWeek='9' hoursPerWeek='10.0'>
    <scheduleException week='0' hours='10.0'/>
  </teamMember>
  <teamMember name='Alan Arturo Loya Favela' tmid='734296432' initials='AALF' color='#ff33ff' subteams='' startDate='@1552867200000' startCalendarDate='2019-03-18' endWeek='9' hoursPerWeek='10.0'/>
  <teamMember name='Jesús Albino Calderón' tmid='201104593' initials='JAC' color='#000000' subteams='' startDate='@1552867200000' startCalendarDate='2019-03-18' endWeek='9' hoursPerWeek='10.0'/>
  <milestone name='' mid='7143849' fullMid='jsuupmho:7143849' color='#00ffff'/>
	<document name='SEMANA 1' id='5945959' tid='jsuupmho:5945959' labels='none'>
		<task name='Preparación de reunión de obtención de requerimientos (1ra reunión)' id='5945960' tid='jsuupmho:5945960' labels='none' phaseName='Strategy' phaseType='STRAT' time=',SCH=0.25,BMM=0.25,AALF=0.25,JAC=0.25,' syncTime=',AALF=0.25,'/>
		<task name='Reunión de obtención de requerimientos con el cliente (1ra reunión)' id='5945961' tid='jsuupmho:5945961' labels='none' phaseName='Planning' phaseType='PLAN' time=',SCH=0.5,BMM=0.5,AALF=0.5,JAC=0.5,' syncTime=',AALF=0.5,'/>
		<task name='Preparación reunión de status (semana1)' id='5945962' tid='jsuupmho:5945962' labels='none' phaseName='Planning' phaseType='PLAN' time=',SCH=0.5,BMM=1,AALF=0.5,JAC=0.5,'/>
		<task name='Reunión de status (semana1)' id='5945963' tid='jsuupmho:5945963' labels='none' phaseName='Misc' phaseType='MGMT' time=',SCH=1,BMM=1,AALF=1,JAC=1,'/>
		<task name='Tiempo de asiganción de roles (semana1)' id='5945964' tid='jsuupmho:5945964' labels='none' phaseName='Strategy' phaseType='STRAT' time=',SCH=1,BMM=1,AALF=1,JAC=1,'/>
		<task name='Capacitación en el entorno Raspbian' id='5945965' tid='jsuupmho:5945965' labels='none' phaseName='Misc' phaseType='MGMT' time=',SCH=1,BMM=1,AALF=1,JAC=1,' syncTime=',AALF=1.0,'/>
		<task name='Capacitación en python-GPIO' id='5945966' tid='jsuupmho:5945966' labels='none' phaseName='Misc' phaseType='MGMT' time=',SCH=1,BMM=1,AALF=1.33333333,JAC=1.33333333,' syncTime=',AALF=1.3333333333333333,'/>
		<task name='Capacitación en Modulo RFID' id='5945967' tid='jsuupmho:5945967' labels='none' phaseName='Misc' phaseType='MGMT' time=',SCH=1,BMM=1,AALF=1.41666667,JAC=1.41666667,'/>
		<task name='Creación SRS' id='5945968' tid='jsuupmho:5945968' labels='none' phaseName='Misc' phaseType='MGMT' time=',SCH=1.75,BMM=1.25,AALF=1,JAC=1,'/>
		<task name='Verificación del SRS' id='5945969' tid='jsuupmho:5945969' labels='none' phaseName='Misc' phaseType='MGMT' time=',SCH=1,BMM=1,AALF=1,JAC=1,'/>
		<task name='Correción del SRS' id='5945970' tid='jsuupmho:5945970' labels='none' phaseName='Misc' phaseType='MGMT' time=',SCH=0.5,BMM=0.5,AALF=0.5,JAC=0.5,'/>
		<task name='Tiempo overhead (semana 1)' id='5945971' tid='jsuupmho:5945971' labels='none' phaseName='Misc' phaseType='MGMT' time=',SCH=0.5,BMM=0.5,AALF=0.5,JAC=0.5,'/>
	</document>
	<document name='SEMANA 2' id='5946072' tid='jsuupmho:5946072' labels='none'>
		<task name='Preparación reunión de status (semana 2)' id='5946074' tid='jsuupmho:5946074' labels='none' phaseName='Strategy' phaseType='STRAT' time=',SCH=0.5,BMM=1,AALF=0.5,JAC=0.5,'/>
		<task name='Reunión de status (semana 2)' id='5946075' tid='jsuupmho:5946075' labels='none' phaseName='Strategy' phaseType='STRAT' time=',SCH=1,BMM=1,AALF=1,JAC=1,'/>
		<task name='tiempo de asignación de roles (semana 1)' id='5946076' tid='jsuupmho:5946076' labels='none' phaseName='Strategy' phaseType='STRAT' time=',SCH=1,BMM=1,AALF=1,JAC=1,'/>
		<task name='Historia de usuario para crear login' id='5946077' tid='jsuupmho:5946077' labels='none' phaseName='Code' phaseType='CODE' time=',SCH=0.75,'/>
		<task name='Verificación historia de usuario para crear login' id='5946078' tid='jsuupmho:5946078' labels='none' phaseName='Code Review' phaseType='CR' time=',SCH=0.5,BMM=0.5,' inspUnits='LOC' inspSize='0'/>
		<task name='Correción historia de usuario para crear login' id='5946079' tid='jsuupmho:5946079' labels='none' phaseName='Code' phaseType='CODE' time=',BMM=0.5,'/>
		<task name='Historia de usuario para agregar usuario' id='5946080' tid='jsuupmho:5946080' labels='none' phaseName='Code' phaseType='CODE' time=',BMM=0.75,'/>
		<task name='Verificación historia de usuario para agregar usuario' id='5946081' tid='jsuupmho:5946081' labels='none' phaseName='Code' phaseType='CODE' time=',AALF=0.5,'/>
		<task name='Correción historia de usuario para agregar usuario' id='5946082' tid='jsuupmho:5946082' labels='none' phaseName='Code' phaseType='CODE' time=',BMM=0.5,'/>
		<task name='Historia de usuario para modificar usuario' id='5946083' tid='jsuupmho:5946083' labels='none' phaseName='Code' phaseType='CODE' time=',AALF=0.75,'/>
		<task name='Verificación historia de usuario para modificar usuario' id='5946084' tid='jsuupmho:5946084' labels='none' phaseName='Code Review' phaseType='CR' time=',SCH=0.5,' inspUnits='LOC' inspSize='0'/>
		<task name='Correción de historia de usuario para modificar usuario' id='5946085' tid='jsuupmho:5946085' labels='none' phaseName='Code' phaseType='CODE' time=',AALF=0.5,'/>
		<task name='Historia de usuario para borrar usuario' id='5946086' tid='jsuupmho:5946086' labels='none' phaseName='Code' phaseType='CODE' time=',JAC=0.75,'/>
		<task name='Verificación historia de usuario borrar usuario' id='5946087' tid='jsuupmho:5946087' labels='none' phaseName='Code Review' phaseType='CR' time=',BMM=0.5,' inspUnits='LOC' inspSize='0'/>
		<task name='Correción historia de usuario borrar usuario' id='5946088' tid='jsuupmho:5946088' labels='none' phaseName='Code' phaseType='CODE' time=',JAC=0.5,'/>
		<task name='Historia de uasuario para mostrar usuario' id='5946089' tid='jsuupmho:5946089' labels='none' phaseName='Code' phaseType='CODE' time=',AALF=0.75,'/>
		<task name='Verificación historia de usuario agragar usuario' id='5946090' tid='jsuupmho:5946090' labels='none' phaseName='Code Review' phaseType='CR' time=',SCH=0.5,' inspUnits='LOC' inspSize='0'/>
		<task name='Correción historia de usuario agragar usuario' id='5946091' tid='jsuupmho:5946091' labels='none' phaseName='Code' phaseType='CODE' time=',AALF=0.5,'/>
		<task name='Historia de usuario para generar reporte general en excel' id='5946092' tid='jsuupmho:5946092' labels='none' phaseName='Code' phaseType='CODE' time=',JAC=0.75,'/>
		<task name='Verificación Historia  generar reporte general en excel' id='5946093' tid='jsuupmho:5946093' labels='none' phaseName='Code Review' phaseType='CR' time=',SCH=0.5,' inspUnits='LOC' inspSize='0'/>
		<task name='Correción historia de usuario generar reporte general en excel' id='5946094' tid='jsuupmho:5946094' labels='none' phaseName='Code' phaseType='CODE' time=',JAC=0.5,'/>
		<task name='Crear prototipo' id='5946095' tid='jsuupmho:5946095' labels='none' phaseName='Design Inspect' phaseType='DLDINSP' time=',AALF=0.75,JAC=1,' inspUnits='DLD Lines' inspSize='0'/>
		<task name='Verificación de prototipo' id='5946096' tid='jsuupmho:5946096' labels='none' phaseName='Design Inspect' phaseType='DLDINSP' time=',SCH=1.5,BMM=1.25,AALF=1,JAC=1,' inspUnits='DLD Lines' inspSize='0'/>
		<task name='Correción' id='5946097' tid='jsuupmho:5946097' labels='none' phaseName='Misc' phaseType='MGMT' time=',SCH=1,BMM=1,AALF=1,JAC=1,'/>
		<task name='Reunión de validación SRS con el cliente (2da reunión)' id='5946098' tid='jsuupmho:5946098' labels='none' phaseName='Strategy' phaseType='STRAT' time=',SCH=1.25,BMM=1.5,AALF=1.25,JAC=1.5,'/>
		<task name='Tiempo overhead (semana 2)' id='5946099' tid='jsuupmho:5946099' labels='none' phaseName='Strategy' phaseType='STRAT' time=',SCH=1,BMM=0.5,AALF=0.5,JAC=0.5,'/>
	</document>
	<document name='SEMANA 3' id='5946073' tid='jsuupmho:5946073' labels='none'>
		<task name='Preparación de  reunión de Status (semana 3)' id='5946103' tid='jsuupmho:5946103' labels='none' phaseName='Strategy' phaseType='STRAT' time=',SCH=0.5,BMM=1,AALF=0.5,JAC=0.5,'/>
		<task name='Reunión de Status (semana 3)' id='5946104' tid='jsuupmho:5946104' labels='none' phaseName='Strategy' phaseType='STRAT' time=',SCH=1,BMM=1,AALF=1,JAC=1,'/>
		<task name='Reunión con el Cliente (3ra reunión)' id='5946105' tid='jsuupmho:5946105' labels='none' phaseName='Strategy' phaseType='STRAT' time=',SCH=1,BMM=1,AALF=1,JAC=1,'/>
		<task name='Tiempo de asignasion de roles (semana 3)' id='5946106' tid='jsuupmho:5946106' labels='none' phaseName='Strategy' phaseType='STRAT' time=',SCH=1,BMM=1,AALF=1,JAC=1,'/>
		<task name='Creación SAS' id='5946107' tid='jsuupmho:5946107' labels='none' effectivePhase='Documentation'>
			<task name='Vista Lógica' id='5946108' tid='jsuupmho:5946108' labels='none' phaseName='Documentation' phaseType='DOC' time=',AALF=1,'/>
			<task name='Verificación vista lógica' id='5946109' tid='jsuupmho:5946109' labels='none' phaseName='Documentation' phaseType='DOC' time=',JAC=0.5,'/>
			<task name='Correción vista lógica' id='5946110' tid='jsuupmho:5946110' labels='none' phaseName='Documentation' phaseType='DOC' time=',AALF=0.5,'/>
		</task>
		<task name='Diagrama de Caso de Uso' id='5946111' tid='jsuupmho:5946111' labels='none' effectivePhase='Documentation'>
			<task name='creacion de diagrama de uso' id='5946255' tid='jsuupmho:5946255' labels='none' phaseName='Documentation' phaseType='DOC' time=',SCH=1,'/>
			<task name='Verificación Diagrama de caso de uso' id='5946112' tid='jsuupmho:5946112' labels='none' phaseName='Documentation' phaseType='DOC' time=',JAC=0.25,'/>
			<task name='Correción de diagrama de uso' id='5946113' tid='jsuupmho:5946113' labels='none' phaseName='Documentation' phaseType='DOC' time=',SCH=0.5,'/>
		</task>
		<task name='vista de Despliegue' id='5946256' tid='jsuupmho:5946256' labels='none' effectivePhase='Documentation'>
			<task name='creacion de Vista de Despliegue' id='5946114' tid='jsuupmho:5946114' labels='none' phaseName='Documentation' phaseType='DOC' time=',JAC=1,'/>
			<task name='Verificación Vista de despliegue' id='5946115' tid='jsuupmho:5946115' labels='none' phaseName='Documentation' phaseType='DOC' time=',BMM=0.25,'/>
			<task name='Correción de vista de despliegue' id='5946116' tid='jsuupmho:5946116' labels='none' phaseName='Documentation' phaseType='DOC' time=',JAC=0.5,'/>
		</task>
		<task name='vista de Desarrollo' id='5946257' tid='jsuupmho:5946257' labels='none' effectivePhase='Documentation'>
			<task name='creacion de Vista de Desarrollo' id='5946117' tid='jsuupmho:5946117' labels='none' phaseName='Documentation' phaseType='DOC' time=',BMM=1,'/>
			<task name='Verificación Vista de Desarrollo' id='5946118' tid='jsuupmho:5946118' labels='none' phaseName='Documentation' phaseType='DOC' time=',SCH=0.25,'/>
			<task name='Correcíón de vista de Desarrollo' id='5946119' tid='jsuupmho:5946119' labels='none' phaseName='Documentation' phaseType='DOC' time=',BMM=0.5,'/>
		</task>
		<task name='Diagrama Entidad-Relación' id='5946259' tid='jsuupmho:5946259' labels='none' effectivePhase='Documentation'>
			<task name='creacion Diagrama Entidad-Relación' id='5946120' tid='jsuupmho:5946120' labels='none' phaseName='Documentation' phaseType='DOC' time=',BMM=1,'/>
			<task name='Verificación  diagrama entidad-relación' id='5946121' tid='jsuupmho:5946121' labels='none' phaseName='Documentation' phaseType='DOC' time=',AALF=0.25,'/>
			<task name='Correción de diagrama entidad-relación' id='5946122' tid='jsuupmho:5946122' labels='none' phaseName='Documentation' phaseType='DOC' time=',BMM=0.5,'/>
		</task>
		<task name='Diccionario de Datos' id='5946260' tid='jsuupmho:5946260' labels='none' effectivePhase='Documentation'>
			<task name='creación de Diccionario de Datos' id='5946123' tid='jsuupmho:5946123' labels='none' phaseName='Documentation' phaseType='DOC' time=',SCH=1,'/>
			<task name='Verificación de diccionario de datos' id='5946124' tid='jsuupmho:5946124' labels='none' phaseName='Documentation' phaseType='DOC' time=',AALF=0.25,'/>
			<task name='Correción de diccionario de datos' id='5946125' tid='jsuupmho:5946125' labels='none' phaseName='Documentation' phaseType='DOC' time=',SCH=0.5,'/>
		</task>
		<component name='instalación raspbian' id='5946126' tid='jsuupmho:5946126' labels='none'/>
		<component name='instalación composer' id='5946127' tid='jsuupmho:5946127' labels='none'/>
		<component name='instalación vnc' id='5946128' tid='jsuupmho:5946128' labels='none'/>
		<component name='instalación lamp' id='5946129' tid='jsuupmho:5946129' labels='none'/>
		<task name='Investigación del modulo RFID-RC522' id='5946130' tid='jsuupmho:5946130' labels='none' phaseName='Documentation' phaseType='DOC' time=',SCH=1.5,BMM=1.5,AALF=1.5,JAC=1.5,'/>
		<task name='Investigación de python para uso de sensores' id='5946131' tid='jsuupmho:5946131' labels='none' phaseName='Documentation' phaseType='DOC' time=',SCH=0.5,AALF=0.5,JAC=0.5,'/>
		<task name='Verificación documento SAS completo' id='5946132' tid='jsuupmho:5946132' labels='none' phaseName='Accept Test' phaseType='AT' time=',AALF=0.5,JAC=0.5,'/>
		<task name='Tiempo de pruebas de RFID-RC522' id='5946133' tid='jsuupmho:5946133' labels='none' phaseName='Code Review' phaseType='CR' time=',AALF=0.5,JAC=0.5,' inspUnits='LOC' inspSize='0'/>
		<task name='tiempo overhead (semana 3)' id='5946134' tid='jsuupmho:5946134' labels='none' phaseName='Strategy' phaseType='STRAT' time=',SCH=0.5,BMM=0.5,AALF=0.5,JAC=0.5,'/>
	</document>
	<component name='SEMANA 4' id='5946135' tid='jsuupmho:5946135' labels='none'>
		<task name='Preparación reunión de status (semana 4)' id='5946136' tid='jsuupmho:5946136' labels='none' phaseName='Strategy' phaseType='STRAT' time=',SCH=0.5,BMM=1,AALF=0.5,JAC=0.5,'/>
		<task name='Reunión de status (semana 4)' id='5946137' tid='jsuupmho:5946137' labels='none' phaseName='Strategy' phaseType='STRAT' time=',SCH=1,BMM=1,AALF=1,JAC=1,'/>
		<task name='Tiempo de asignación de roles (semana 4)' id='5946138' tid='jsuupmho:5946138' labels='none' phaseName='Strategy' phaseType='STRAT' time=',SCH=1,BMM=1,AALF=1,JAC=1,'/>
		<task name='Reunión con el cliente (4ta reunión)' id='5946139' tid='jsuupmho:5946139' labels='none' phaseName='Strategy' phaseType='STRAT' time=',SCH=1,BMM=1,AALF=1,JAC=1,'/>
		<task name='Conexión arduino con la base de datos' id='5946140' tid='jsuupmho:5946140' labels='none' phaseName='Code' phaseType='CODE' time=',SCH=0.5,AALF=0.5,'/>
		<task name='Prueba de conexión' id='5946141' tid='jsuupmho:5946141' labels='none' phaseName='Code Review' phaseType='CR' time=',JAC=0.5,' inspUnits='LOC' inspSize='0'/>
		<task name='Correción de conexión' id='5946142' tid='jsuupmho:5946142' labels='none' phaseName='Code' phaseType='CODE' time=',SCH=0.5,AALF=0.5,'/>
		<task name='Investigar librería puerto serial (Python)' id='5946143' tid='jsuupmho:5946143' labels='none' phaseName='Documentation' phaseType='DOC' time=',SCH=1,BMM=1,AALF=1,JAC=1,'/>
		<task name='Codificar script puerto serial' id='5946144' tid='jsuupmho:5946144' labels='none' phaseName='Code' phaseType='CODE' time=',JAC=1,'/>
		<task name='Prueba script puerto serial' id='5946145' tid='jsuupmho:5946145' labels='none' phaseName='Code Review' phaseType='CR' time=',BMM=0.5,' inspUnits='LOC' inspSize='0'/>
		<task name='Correción script puerto serial' id='5946146' tid='jsuupmho:5946146' labels='none' phaseName='Code' phaseType='CODE' time=',JAC=0.5,'/>
		<task name='Investigar comunicación Python-Laravel' id='5946147' tid='jsuupmho:5946147' labels='none' phaseName='Documentation' phaseType='DOC' time=',SCH=1,BMM=1,AALF=1,JAC=1,'/>
		<task name='Comunicar script PS con laravel' id='5946148' tid='jsuupmho:5946148' labels='none' phaseName='Code' phaseType='CODE' time=',SCH=0.5,BMM=0.5,'/>
		<task name='Prueba comunicación PS-Laravel' id='5946149' tid='jsuupmho:5946149' labels='none' phaseName='Code Review' phaseType='CR' time=',AALF=0.5,' inspUnits='LOC' inspSize='0'/>
		<task name='Correción comunicación PS-Laravel' id='5946150' tid='jsuupmho:5946150' labels='none' phaseName='Code' phaseType='CODE' time=',SCH=0.5,BMM=0.5,'/>
		<task name='Integrar lectura RFID a los registros' id='5946151' tid='jsuupmho:5946151' labels='none' phaseName='Code' phaseType='CODE' time=',AALF=0.5,'/>
		<task name='Prueba lectura RFID a los registros' id='5946152' tid='jsuupmho:5946152' labels='none' phaseName='Code Review' phaseType='CR' time=',SCH=0.5,' inspUnits='LOC' inspSize='0'/>
		<task name='Correción lectura RFID a los registros' id='5946153' tid='jsuupmho:5946153' labels='none' phaseName='Code' phaseType='CODE' time=',AALF=0.5,'/>
		<task name='Configuración del servidor (Apache)' id='5946154' tid='jsuupmho:5946154' labels='none' phaseName='Code' phaseType='CODE' time=',SCH=0.5,BMM=0.5,AALF=0.5,JAC=0.5,'/>
		<task name='Cofigurar dirección estatica raspbian' id='5946155' tid='jsuupmho:5946155' labels='none' phaseName='Design Inspect' phaseType='DLDINSP' time=',BMM=0.5,JAC=0.5,' inspUnits='DLD Lines' inspSize='0'/>
		<task name='Reunión derevicón con el cliente' id='5946156' tid='jsuupmho:5946156' labels='none' phaseName='Strategy' phaseType='STRAT' time=',SCH=0.5,BMM=0.5,AALF=0.5,JAC=0.5,'/>
		<task name='tiempo overhead (semana 4)' id='5946157' tid='jsuupmho:5946157' labels='none' phaseName='Strategy' phaseType='STRAT' time=',SCH=1,BMM=1,AALF=1,JAC=1,'/>
	</component>
	<component name='SEMANA 5' id='5946158' tid='jsuupmho:5946158' labels='none'>
		<task name='Preparación de reunión de status (semana 5)' id='5946159' tid='jsuupmho:5946159' labels='none' phaseName='Strategy' phaseType='STRAT' time=',SCH=0.5,BMM=1,AALF=0.5,JAC=0.5,'/>
		<task name='Reunión de status (semana 5)' id='5946160' tid='jsuupmho:5946160' labels='none' phaseName='Strategy' phaseType='STRAT' time=',SCH=1,BMM=1,AALF=1,JAC=1,'/>
		<task name='Preparación reunión con el cliente (5ta reunión)' id='5946161' tid='jsuupmho:5946161' labels='none' phaseName='Strategy' phaseType='STRAT' time=',SCH=0.25,BMM=0.25,AALF=0.25,JAC=0.25,'/>
		<task name='Reunión con el cliente (5ta reunión)' id='5946162' tid='jsuupmho:5946162' labels='none' phaseName='Strategy' phaseType='STRAT' time=',SCH=0.75,BMM=0.75,AALF=0.75,JAC=0.75,'/>
		<task name='Tiempo de asignación de roles (semana 5)' id='5946163' tid='jsuupmho:5946163' labels='none' phaseName='Strategy' phaseType='STRAT' time=',SCH=1,BMM=1,AALF=1,JAC=1,'/>
		<task name='diseño de circuito final' id='5946164' tid='jsuupmho:5946164' labels='none' phaseName='Design' phaseType='DLD' time=',SCH=0.75,BMM=0.75,AALF=0.75,JAC=0.75,'/>
		<task name='creacion de circuito' id='5946165' tid='jsuupmho:5946165' labels='none' phaseName='Design Review' phaseType='DLDR' time=',SCH=0.5,BMM=0.5,AALF=1.5,JAC=1.5,' inspUnits='DLD Lines' inspSize='0'/>
		<task name='crear sketch de arduino' id='5946166' tid='jsuupmho:5946166' labels='none' phaseName='Code' phaseType='CODE' time=',SCH=2,BMM=2,AALF=2,JAC=2,'/>
		<task name='pruebas del sketch' id='5946167' tid='jsuupmho:5946167' labels='none' phaseName='Code Review' phaseType='CR' time=',SCH=0.75,BMM=0.75,AALF=0.5,JAC=0.5,' inspUnits='LOC' inspSize='0'/>
		<task name='correcion de sketch' id='5946168' tid='jsuupmho:5946168' labels='none' phaseName='Code' phaseType='CODE' time=',SCH=0.5,BMM=0.5,AALF=0.5,JAC=0.5,'/>
		<task name='investigacion de case' id='5946169' tid='jsuupmho:5946169' labels='none' phaseName='Documentation' phaseType='DOC' time=',SCH=0.5,'/>
		<task name='correccion de circuito' id='5946170' tid='jsuupmho:5946170' labels='none' phaseName='Design' phaseType='DLD' time=',SCH=0.5,BMM=0.5,AALF=0.25,JAC=0.25,'/>
		<task name='tiempo overhead (semana 5)' id='5946171' tid='jsuupmho:5946171' labels='none' phaseName='Strategy' phaseType='STRAT' time=',SCH=1,BMM=1,AALF=1,JAC=1,'/>
	</component>
	<component name='SEMANA 6' id='5946172' tid='jsuupmho:5946172' labels='none'>
		<task name='Preparación de reunión de status (semana 6)' id='5946173' tid='jsuupmho:5946173' labels='none' phaseName='Strategy' phaseType='STRAT' time=',SCH=0.5,BMM=1,AALF=0.5,JAC=0.5,'/>
		<task name='Reunión de status (semana 6)' id='5946174' tid='jsuupmho:5946174' labels='none' phaseName='Strategy' phaseType='STRAT' time=',SCH=1,BMM=1,AALF=1,JAC=1,'/>
		<task name='Preparación de reunión con el cliente (6ta reunión)' id='5946175' tid='jsuupmho:5946175' labels='none' phaseName='Strategy' phaseType='STRAT' time=',SCH=0.25,BMM=0.25,AALF=0.25,JAC=0.25,'/>
		<task name='Reunión con el cliente (6ta reunión)' id='5946176' tid='jsuupmho:5946176' labels='none' phaseName='Strategy' phaseType='STRAT' time=',SCH=1,BMM=1,AALF=1,JAC=1,'/>
		<task name='Tiempo de asignación de roles (semana 6)' id='5946177' tid='jsuupmho:5946177' labels='none' phaseName='Strategy' phaseType='STRAT' time=',SCH=1,BMM=1,AALF=1,JAC=1,'/>
		<task name='Realizar conecciones arduino-RC522' id='5946178' tid='jsuupmho:5946178' labels='none' phaseName='Code Review' phaseType='CR' time=',BMM=0.75,JAC=0.75,' inspUnits='LOC' inspSize='0'/>
		<task name='Crear diagrama de conecciónes' id='5946179' tid='jsuupmho:5946179' labels='none' phaseName='Documentation' phaseType='DOC' time=',JAC=1.5,'/>
		<task name='Revisión de conecciones' id='5946180' tid='jsuupmho:5946180' labels='none' phaseName='Accept Test' phaseType='AT' time=',SCH=1.25,'/>
		<task name='Correción de conecciones' id='5946181' tid='jsuupmho:5946181' labels='none' phaseName='Documentation' phaseType='DOC' time=',AALF=0.75,'/>
		<task name='Investigar librería RC522' id='5946182' tid='jsuupmho:5946182' labels='none' phaseName='Design Inspect' phaseType='DLDINSP' time=',SCH=1.5,BMM=1.5,AALF=1.5,JAC=1.5,' inspUnits='DLD Lines' inspSize='0'/>
		<task name='Crear proyecto en laravel' id='5946183' tid='jsuupmho:5946183' labels='none' phaseName='Code' phaseType='CODE' time=',SCH=1.5,'/>
		<psp name='Configuración del archivo .env' id='5946184' tid='jsuupmho:5946184' labels='none' time=',BMM=1.5,'/>
		<task name='descargar y configurar librería Maatwesite (excel)' id='5946185' tid='jsuupmho:5946185' labels='none' phaseName='Code' phaseType='CODE' time=',AALF=1.5,'/>
		<task name='Crear modelo de la tabla usuarios' id='5946186' tid='jsuupmho:5946186' labels='none' phaseName='Code' phaseType='CODE' time=',AALF=1.5,'/>
		<task name='Crear rutas de la tabla usuario' id='5946187' tid='jsuupmho:5946187' labels='none' phaseName='Code' phaseType='CODE' time=',JAC=1.5,'/>
		<task name='Crear controladores de la tabla usuario' id='5946188' tid='jsuupmho:5946188' labels='none' phaseName='Code' phaseType='CODE' time=',SCH=1,BMM=1,'/>
		<task name='tiempo overhead (semana 6)' id='5946189' tid='jsuupmho:5946189' labels='none' phaseName='Strategy' phaseType='STRAT' time=',SCH=1,BMM=1,AALF=1,JAC=1,'/>
	</component>
	<component name='SEMANA 7' id='5946190' tid='jsuupmho:5946190' labels='none'>
		<task name='Preparación reunión de status (semana 7)' id='5946191' tid='jsuupmho:5946191' labels='none' phaseName='Strategy' phaseType='STRAT' time=',SCH=0.5,BMM=1,AALF=0.5,JAC=0.5,'/>
		<task name='Reunión de status (semana 7)' id='5946192' tid='jsuupmho:5946192' labels='none' phaseName='Strategy' phaseType='STRAT' time=',SCH=1,BMM=1,AALF=1,JAC=1,'/>
		<task name='Tiempo de asignación de roles (semana 7)' id='5946193' tid='jsuupmho:5946193' labels='none' phaseName='Strategy' phaseType='STRAT' time=',SCH=1,BMM=1,AALF=1,JAC=1,'/>
		<task name='Reunión con el cliente (7ma reunión)' id='5946194' tid='jsuupmho:5946194' labels='none' phaseName='Strategy' phaseType='STRAT' time=',SCH=1,BMM=1,AALF=1,JAC=1,'/>
		<task name='Crear documento plan de pruebas' id='5946195' tid='jsuupmho:5946195' labels='none' phaseName='Documentation' phaseType='DOC' time=',JAC=1.5,'/>
		<task name='Verificación de plan de pruebas' id='5946196' tid='jsuupmho:5946196' labels='none' phaseName='Documentation' phaseType='DOC' time=',AALF=0.5,'/>
		<task name='Correción plan de pruebas' id='5946197' tid='jsuupmho:5946197' labels='none' phaseName='Documentation' phaseType='DOC' time=',JAC=0.5,'/>
		<task name='Crear casos de pruebas' id='5946198' tid='jsuupmho:5946198' labels='none' phaseName='Sys Test' phaseType='ST' time=',AALF=1.5,'/>
		<task name='Verificación caso de pruebas' id='5946199' tid='jsuupmho:5946199' labels='none' phaseName='Sys Test' phaseType='ST' time=',JAC=0.5,'/>
		<task name='Correción caso de pruebas' id='5946200' tid='jsuupmho:5946200' labels='none' phaseName='Sys Test' phaseType='ST' time=',AALF=0.5,'/>
		<task name='Crear historia de usuario para crear login' id='5946201' tid='jsuupmho:5946201' labels='none' phaseName='Code' phaseType='CODE' time=',SCH=1.5,'/>
		<task name='Pruenba unitaria crear login' id='5946202' tid='jsuupmho:5946202' labels='none' phaseName='Code Review' phaseType='CR' time=',BMM=0.5,' inspUnits='LOC' inspSize='0'/>
		<task name='Prueba integración cerar login' id='5946203' tid='jsuupmho:5946203' labels='none' phaseName='Compile' phaseType='COMP' time=',SCH=0.5,'/>
		<task name='Correción crear login' id='5946204' tid='jsuupmho:5946204' labels='none' phaseName='Code' phaseType='CODE' time=',SCH=0.5,'/>
		<task name='Crear historia para agregar usuario' id='5946205' tid='jsuupmho:5946205' labels='none' phaseName='Code' phaseType='CODE' time=',BMM=1.5,'/>
		<task name='Prueba unitaria agregar usuario' id='5946206' tid='jsuupmho:5946206' labels='none' phaseName='Code Review' phaseType='CR' time=',AALF=0.5,' inspUnits='LOC' inspSize='0'/>
		<task name='Prueba integración agregar usuario' id='5946207' tid='jsuupmho:5946207' labels='none' phaseName='Code Inspect' phaseType='CODEINSP' time=',BMM=0.5,' inspUnits='LOC' inspSize='0'/>
		<task name='Correción agregar usuario' id='5946208' tid='jsuupmho:5946208' labels='none' phaseName='Code' phaseType='CODE' time=',BMM=0.5,'/>
		<task name='Craer historia para modificar usuario' id='5946209' tid='jsuupmho:5946209' labels='none' phaseName='Code' phaseType='CODE' time=',BMM=1.5,'/>
		<task name='Prueba unitaria modificar usuario' id='5946210' tid='jsuupmho:5946210' labels='none' phaseName='Code Review' phaseType='CR' time=',JAC=0.5,' inspUnits='LOC' inspSize='0'/>
		<task name='Prueba integración modificar usuario' id='5946211' tid='jsuupmho:5946211' labels='none' phaseName='Compile' phaseType='COMP' time=',BMM=0.5,'/>
		<task name='Correción modificar usuario' id='5946212' tid='jsuupmho:5946212' labels='none' phaseName='Code' phaseType='CODE' time=',BMM=0.5,'/>
		<task name='Crear historia mostrar usuario' id='5946213' tid='jsuupmho:5946213' labels='none' phaseName='Code' phaseType='CODE' time=',JAC=1.5,'/>
		<task name='Pruebas unitaria mostrar usuario' id='5946214' tid='jsuupmho:5946214' labels='none' phaseName='Code Review' phaseType='CR' time=',SCH=0.5,AALF=0.5,' inspUnits='LOC' inspSize='0'/>
		<task name='Prueba integración mostar usuario' id='5946215' tid='jsuupmho:5946215' labels='none' phaseName='Compile' phaseType='COMP' time=',JAC=0.5,'/>
		<task name='Correción mostrar usuario' id='5946216' tid='jsuupmho:5946216' labels='none' phaseName='Code' phaseType='CODE' time=',JAC=0.5,'/>
		<task name='Crear historia borrar usuario' id='5946217' tid='jsuupmho:5946217' labels='none' phaseName='Code' phaseType='CODE' time=',SCH=1.5,'/>
		<task name='Prueba unitaria borrar usuario' id='5946218' tid='jsuupmho:5946218' labels='none' phaseName='Code Review' phaseType='CR' time=',JAC=0.5,' inspUnits='LOC' inspSize='0'/>
		<task name='Prueba integración borrar usuario' id='5946219' tid='jsuupmho:5946219' labels='none' phaseName='Compile' phaseType='COMP' time=',SCH=0.5,'/>
		<task name='Correción borrar usuario' id='5946220' tid='jsuupmho:5946220' labels='none' phaseName='Code' phaseType='CODE' time=',SCH=0.5,'/>
		<task name='Crear historia para generar reporte general en excel' id='5946221' tid='jsuupmho:5946221' labels='none' phaseName='Code' phaseType='CODE' time=',AALF=1.5,'/>
		<task name='Prueba unitaria generar reporte general en excel' id='5946222' tid='jsuupmho:5946222' labels='none' phaseName='Code Review' phaseType='CR' time=',SCH=0.5,' inspUnits='LOC' inspSize='0'/>
		<task name='Prueba integración generar reporte general excel' id='5946223' tid='jsuupmho:5946223' labels='none' phaseName='Compile' phaseType='COMP' time=',AALF=0.5,'/>
		<task name='Correción generar reporte general en excel' id='5946224' tid='jsuupmho:5946224' labels='none' phaseName='Code' phaseType='CODE' time=',AALF=0.5,'/>
		<task name='Tiempo overhead (semana 7)' id='5946225' tid='jsuupmho:5946225' labels='none' phaseName='Strategy' phaseType='STRAT' time=',SCH=0.5,BMM=0.5,AALF=0.5,JAC=0.5,'/>
	</component>
	<document name='SEMANA 8' id='5946226' tid='jsuupmho:5946226' labels='none'>
		<task name='Preparación de reunión de status (semana 8)' id='5946227' tid='jsuupmho:5946227' labels='none' phaseName='Strategy' phaseType='STRAT' time=',SCH=0.5,BMM=1,AALF=0.5,JAC=0.5,'/>
		<task name='Reunión de status (semana 8)' id='5946228' tid='jsuupmho:5946228' labels='none' phaseName='Strategy' phaseType='STRAT' time=',SCH=1,BMM=1,AALF=1,JAC=1,'/>
		<task name='Preparación de reunión con el cliente (8va reunión)' id='5946229' tid='jsuupmho:5946229' labels='none' phaseName='Misc' phaseType='MGMT' time=',SCH=0.25,BMM=0.25,AALF=0.25,JAC=0.25,'/>
		<task name='Reunión con el cliente (8va reunión)' id='5946230' tid='jsuupmho:5946230' labels='none' phaseName='Strategy' phaseType='STRAT' time=',SCH=0.75,BMM=0.75,AALF=0.75,JAC=0.75,'/>
		<task name='Tiempo de asignación de roles (semana8)' id='5946231' tid='jsuupmho:5946231' labels='none' phaseName='Strategy' phaseType='STRAT' time=',SCH=1,BMM=1,AALF=1,JAC=1,'/>
		<task name='creación de manuales' id='5946232' tid='jsuupmho:5946232' labels='none' phaseName='Documentation' phaseType='DOC'/>
		<task name='manual de usuario' id='5946233' tid='jsuupmho:5946233' labels='none' phaseName='Documentation' phaseType='DOC' time=',BMM=2.5,JAC=3.5,'/>
		<task name='verificación de manual de usuario' id='5946234' tid='jsuupmho:5946234' labels='none' phaseName='Documentation' phaseType='DOC' time=',BMM=0.5,'/>
		<task name='validación de manual de usuario' id='5946235' tid='jsuupmho:5946235' labels='none' phaseName='Accept Test' phaseType='AT' time=',AALF=0.5,'/>
		<task name='Correcion manual de usuario' id='5946236' tid='jsuupmho:5946236' labels='none' phaseName='Documentation' phaseType='DOC' time=',JAC=1,'/>
		<task name='manual de mantenimiento' id='5946237' tid='jsuupmho:5946237' labels='none' phaseName='Documentation' phaseType='DOC' time=',AALF=4,'/>
		<task name='verificación de manual de mantenimiento' id='5946238' tid='jsuupmho:5946238' labels='none' phaseName='Documentation' phaseType='DOC' time=',BMM=1,'/>
		<task name='validación de manual de mantenimiento' id='5946239' tid='jsuupmho:5946239' labels='none' phaseName='Accept Test' phaseType='AT' time=',JAC=1,'/>
		<task name='correción manual de mantenimiento' id='5946240' tid='jsuupmho:5946240' labels='none' phaseName='Documentation' phaseType='DOC' time=',AALF=0.5,'/>
		<task name='manual de operación' id='5946241' tid='jsuupmho:5946241' labels='none' phaseName='Documentation' phaseType='DOC' time=',SCH=4.5,'/>
		<task name='verificación de manual de operación' id='5946242' tid='jsuupmho:5946242' labels='none' phaseName='Documentation' phaseType='DOC' time=',BMM=1,'/>
		<task name='validación de manual de operación' id='5946243' tid='jsuupmho:5946243' labels='none' phaseName='Documentation' phaseType='DOC' time=',AALF=0.5,'/>
		<task name='correcion manual de operación' id='5946244' tid='jsuupmho:5946244' labels='none' phaseName='Documentation' phaseType='DOC' time=',SCH=1,'/>
		<task name='tiempo overhead (semana 8)' id='5946245' tid='jsuupmho:5946245' labels='none' phaseName='Strategy' phaseType='STRAT' time=',SCH=1,BMM=1,AALF=1,JAC=1,'/>
	</document>
	<document name='SEMANA 9' id='5946246' tid='jsuupmho:5946246' labels='none'>
		<task name='Preparación de reunión de status (semana 9)' id='5946247' tid='jsuupmho:5946247' labels='none' phaseName='Strategy' phaseType='STRAT' time=',SCH=0.5,BMM=1,AALF=0.5,JAC=0.5,'/>
		<task name='Reunión de status (semana 9)' id='5946248' tid='jsuupmho:5946248' labels='none' phaseName='Strategy' phaseType='STRAT' time=',SCH=1,BMM=1,AALF=1,JAC=1,'/>
		<task name='Tiempo de asignación de roles (semana 9)' id='5946249' tid='jsuupmho:5946249' labels='none' phaseName='Strategy' phaseType='STRAT' time=',SCH=1,BMM=1,AALF=1,JAC=1,'/>
		<task name='Reunión final con el cliente' id='5946250' tid='jsuupmho:5946250' labels='none' phaseName='Misc' phaseType='MGMT' time=',SCH=0.5,BMM=0.5,AALF=0.5,JAC=0.5,'/>
		<task name='Implementacion del sistema' id='5946251' tid='jsuupmho:5946251' labels='none' phaseName='Misc' phaseType='MGMT' time=',BMM=1,JAC=1,'/>
		<task name='Entrega final del producto' id='5946252' tid='jsuupmho:5946252' labels='none' phaseName='Misc' phaseType='MGMT' time=',SCH=0.5,BMM=0.5,AALF=0.5,JAC=0.5,'/>
		<task name='Capacitación de usuarios' id='5946253' tid='jsuupmho:5946253' labels='none' phaseName='Misc' phaseType='MGMT' time=',SCH=6.5,BMM=5,AALF=6.5,JAC=5.5,'/>
	</document>
</project>
