<wbsModel>
  <wbsNode name='Control de Acceso para Laboratorio de Microcontroladores (ITSZO)' id='5946261' type='Project' indentLevel='0' expanded='true'>
    <attr name='createdWithVersion' value='4.7.0'/>
    <attr name='workflowIDsScrubbed' value='true'/>
  </wbsNode>
    <wbsNode name='SEMANA 1' id='5945959' type='Requirements Document' indentLevel='1'>
      <attr name='Time Per Person' value='0.0'/>
    </wbsNode>
      <wbsNode name='Preparación de reunión de obtención de requerimientos (1ra reunión)' id='5945960' type='Strategy Task' indentLevel='2'>
        <attr name='AALF-Time (Synced)' value='0.25'/>
        <attr name='AALF-Time (Top Down)' value='0.25'/>
        <attr name='BMM-Time (Synced)' value='0.5'/>
        <attr name='BMM-Time (Top Down)' value='0.5'/>
        <attr name='JAC-Time (Top Down)' value='0.25'/>
        <attr name='SCH-Time (Top Down)' value='0.25'/>
        <attr name='Time (Top Down)' value='1.25'/>
        <attr name='Time Per Person' value='0.25'/>
      </wbsNode>
      <wbsNode name='Reunión de obtención de requerimientos con el cliente (1ra reunión)' id='5945961' type='Planning Task' indentLevel='2'>
        <attr name='AALF-Time (Synced)' value='0.5'/>
        <attr name='AALF-Time (Top Down)' value='0.5'/>
        <attr name='BMM-Time (Top Down)' value='0.5'/>
        <attr name='JAC-Time (Top Down)' value='0.5'/>
        <attr name='SCH-Time (Top Down)' value='0.5'/>
        <attr name='Time (Top Down)' value='2.0'/>
        <attr name='Time Per Person' value='0.5'/>
      </wbsNode>
      <wbsNode name='Preparación reunión de status (semana1)' id='5945962' type='Planning Task' indentLevel='2'>
        <attr name='AALF-Time (Top Down)' value='0.5'/>
        <attr name='BMM-Time (Top Down)' value='1.0'/>
        <attr name='JAC-Time (Top Down)' value='0.5'/>
        <attr name='SCH-Time (Synced)' value='1.4166666666666667'/>
        <attr name='SCH-Time (Top Down)' value='1.4166666666666667'/>
        <attr name='Time (Top Down)' value='3.416666666666667'/>
        <attr name='Time Per Person' value='0.5'/>
      </wbsNode>
      <wbsNode name='Reunión de status (semana1)' id='5945963' type='Misc Task' indentLevel='2'>
        <attr name='AALF-Time (Top Down)' value='1.0'/>
        <attr name='BMM-Time (Top Down)' value='1.0'/>
        <attr name='JAC-Time (Top Down)' value='1.0'/>
        <attr name='SCH-Time (Synced)' value='0.5'/>
        <attr name='SCH-Time (Top Down)' value='0.5'/>
        <attr name='Time (Top Down)' value='3.5'/>
        <attr name='Time Per Person' value='1.0'/>
      </wbsNode>
      <wbsNode name='Tiempo de asiganción de roles (semana1)' id='5945964' type='Strategy Task' indentLevel='2'>
        <attr name='AALF-Time (Top Down)' value='1.0'/>
        <attr name='BMM-Time (Top Down)' value='1.0'/>
        <attr name='JAC-Time (Top Down)' value='1.0'/>
        <attr name='SCH-Time (Top Down)' value='1.0'/>
        <attr name='Time (Top Down)' value='4.0'/>
        <attr name='Time Per Person' value='1.0'/>
      </wbsNode>
      <wbsNode name='Capacitación en el entorno Raspbian' id='5945965' type='Misc Task' indentLevel='2'>
        <attr name='AALF-Time (Synced)' value='1.0'/>
        <attr name='AALF-Time (Top Down)' value='1.0'/>
        <attr name='BMM-Time (Synced)' value='0.75'/>
        <attr name='BMM-Time (Top Down)' value='0.75'/>
        <attr name='JAC-Time (Top Down)' value='1.0'/>
        <attr name='SCH-Time (Top Down)' value='1.0'/>
        <attr name='Time (Top Down)' value='3.75'/>
        <attr name='Time Per Person' value='1.0'/>
      </wbsNode>
      <wbsNode name='Capacitación en python-GPIO' id='5945966' type='Misc Task' indentLevel='2'>
        <attr name='AALF-Time (Synced)' value='1.3333333333333333'/>
        <attr name='AALF-Time (Top Down)' value='1.33333333'/>
        <attr name='BMM-Time (Top Down)' value='1.0'/>
        <attr name='JAC-Time (Top Down)' value='1.33333333'/>
        <attr name='SCH-Time (Top Down)' value='1.0'/>
        <attr name='Time (Top Down)' value='4.666666660000001'/>
        <attr name='Time Per Person' value='1.0'/>
      </wbsNode>
      <wbsNode name='Capacitación en Modulo RFID' id='5945967' type='Misc Task' indentLevel='2'>
        <attr name='AALF-Time (Top Down)' value='1.41666667'/>
        <attr name='BMM-Time (Top Down)' value='1.0'/>
        <attr name='JAC-Time (Top Down)' value='1.41666667'/>
        <attr name='SCH-Time (Top Down)' value='1.0'/>
        <attr name='Time (Top Down)' value='4.833333339999999'/>
        <attr name='Time Per Person' value='1.0'/>
      </wbsNode>
      <wbsNode name='Creación SRS' id='5945968' type='Misc Task' indentLevel='2'>
        <attr name='AALF-Time (Top Down)' value='1.0'/>
        <attr name='BMM-Time (Top Down)' value='1.25'/>
        <attr name='JAC-Time (Top Down)' value='1.0'/>
        <attr name='SCH-Time (Synced)' value='1.3333333333333333'/>
        <attr name='SCH-Time (Top Down)' value='1.3333333333333333'/>
        <attr name='Time (Top Down)' value='4.583333333333333'/>
        <attr name='Time Per Person' value='1.0'/>
      </wbsNode>
      <wbsNode name='Verificación del SRS' id='5945969' type='Misc Task' indentLevel='2'>
        <attr name='AALF-Time (Top Down)' value='1.0'/>
        <attr name='BMM-Time (Top Down)' value='1.0'/>
        <attr name='JAC-Time (Top Down)' value='1.0'/>
        <attr name='SCH-Time (Top Down)' value='1.0'/>
        <attr name='Time (Top Down)' value='4.0'/>
        <attr name='Time Per Person' value='1.0'/>
      </wbsNode>
      <wbsNode name='Correción del SRS' id='5945970' type='Misc Task' indentLevel='2'>
        <attr name='AALF-Time (Top Down)' value='0.5'/>
        <attr name='BMM-Time (Top Down)' value='0.5'/>
        <attr name='JAC-Time (Top Down)' value='0.5'/>
        <attr name='SCH-Time (Top Down)' value='0.5'/>
        <attr name='Time (Top Down)' value='2.0'/>
        <attr name='Time Per Person' value='0.5'/>
      </wbsNode>
      <wbsNode name='Tiempo overhead (semana 1)' id='5945971' type='Misc Task' indentLevel='2'>
        <attr name='AALF-Time (Top Down)' value='0.5'/>
        <attr name='BMM-Time (Top Down)' value='0.5'/>
        <attr name='JAC-Time (Top Down)' value='0.5'/>
        <attr name='SCH-Time (Top Down)' value='0.5'/>
        <attr name='Time (Top Down)' value='2.0'/>
        <attr name='Time Per Person' value='0.5'/>
      </wbsNode>
    <wbsNode name='SEMANA 2' id='5946072' type='Requirements Document' indentLevel='1'>
      <attr name='Time Per Person' value='0.0'/>
    </wbsNode>
      <wbsNode name='Preparación reunión de status (semana 2)' id='5946074' type='Strategy Task' indentLevel='2'>
        <attr name='AALF-Time (Top Down)' value='0.5'/>
        <attr name='BMM-Time (Top Down)' value='1.0'/>
        <attr name='JAC-Time (Top Down)' value='0.5'/>
        <attr name='SCH-Time (Top Down)' value='0.5'/>
        <attr name='Time (Top Down)' value='2.5'/>
        <attr name='Time Per Person' value='0.5'/>
      </wbsNode>
      <wbsNode name='Reunión de status (semana 2)' id='5946075' type='Strategy Task' indentLevel='2'>
        <attr name='AALF-Time (Top Down)' value='1.0'/>
        <attr name='BMM-Time (Top Down)' value='1.0'/>
        <attr name='JAC-Time (Top Down)' value='1.0'/>
        <attr name='SCH-Time (Top Down)' value='1.0'/>
        <attr name='Time (Top Down)' value='4.0'/>
        <attr name='Time Per Person' value='1.0'/>
      </wbsNode>
      <wbsNode name='tiempo de asignación de roles (semana 1)' id='5946076' type='Strategy Task' indentLevel='2'>
        <attr name='AALF-Time (Top Down)' value='1.0'/>
        <attr name='BMM-Time (Top Down)' value='1.0'/>
        <attr name='JAC-Time (Top Down)' value='1.0'/>
        <attr name='SCH-Time (Top Down)' value='1.0'/>
        <attr name='Time (Top Down)' value='4.0'/>
        <attr name='Time Per Person' value='1.0'/>
      </wbsNode>
      <wbsNode name='Historia de usuario para crear login' id='5946077' type='Code Task' indentLevel='2'>
        <attr name='SCH-Time (Top Down)' value='0.75'/>
        <attr name='Time (Top Down)' value='0.75'/>
        <attr name='Time Per Person' value='0.75'/>
      </wbsNode>
      <wbsNode name='Verificación historia de usuario para crear login' id='5946078' type='Code Review Task' indentLevel='2'>
        <attr name='BMM-Time (Top Down)' value='0.5'/>
        <attr name='SCH-Time (Synced)' value='1.5'/>
        <attr name='SCH-Time (Top Down)' value='1.5'/>
        <attr name='Time (Top Down)' value='2.0'/>
        <attr name='Time Per Person' value='0.5'/>
      </wbsNode>
      <wbsNode name='Correción historia de usuario para crear login' id='5946079' type='Code Task' indentLevel='2'>
        <attr name='BMM-Time (Top Down)' value='0.5'/>
        <attr name='Time (Top Down)' value='0.5'/>
        <attr name='Time Per Person' value='0.5'/>
      </wbsNode>
      <wbsNode name='Historia de usuario para agregar usuario' id='5946080' type='Code Task' indentLevel='2'>
        <attr name='BMM-Time (Top Down)' value='0.75'/>
        <attr name='Time (Top Down)' value='0.75'/>
        <attr name='Time Per Person' value='0.75'/>
      </wbsNode>
      <wbsNode name='Verificación historia de usuario para agregar usuario' id='5946081' type='Code Task' indentLevel='2'>
        <attr name='AALF-Time (Top Down)' value='0.5'/>
        <attr name='Time (Top Down)' value='0.5'/>
        <attr name='Time Per Person' value='0.5'/>
      </wbsNode>
      <wbsNode name='Correción historia de usuario para agregar usuario' id='5946082' type='Code Task' indentLevel='2'>
        <attr name='BMM-Time (Top Down)' value='0.5'/>
        <attr name='Time (Top Down)' value='0.5'/>
        <attr name='Time Per Person' value='0.5'/>
      </wbsNode>
      <wbsNode name='Historia de usuario para modificar usuario' id='5946083' type='Code Task' indentLevel='2'>
        <attr name='AALF-Time (Top Down)' value='0.75'/>
        <attr name='Time (Top Down)' value='0.75'/>
        <attr name='Time Per Person' value='0.75'/>
      </wbsNode>
      <wbsNode name='Verificación historia de usuario para modificar usuario' id='5946084' type='Code Review Task' indentLevel='2'>
        <attr name='SCH-Time (Top Down)' value='0.5'/>
        <attr name='Time (Top Down)' value='0.5'/>
        <attr name='Time Per Person' value='0.5'/>
      </wbsNode>
      <wbsNode name='Correción de historia de usuario para modificar usuario' id='5946085' type='Code Task' indentLevel='2'>
        <attr name='AALF-Time (Top Down)' value='0.5'/>
        <attr name='Time (Top Down)' value='0.5'/>
        <attr name='Time Per Person' value='0.5'/>
      </wbsNode>
      <wbsNode name='Historia de usuario para borrar usuario' id='5946086' type='Code Task' indentLevel='2'>
        <attr name='JAC-Time (Top Down)' value='0.75'/>
        <attr name='Time (Top Down)' value='0.75'/>
        <attr name='Time Per Person' value='0.75'/>
      </wbsNode>
      <wbsNode name='Verificación historia de usuario borrar usuario' id='5946087' type='Code Review Task' indentLevel='2'>
        <attr name='BMM-Time (Top Down)' value='0.5'/>
        <attr name='Time (Top Down)' value='0.5'/>
        <attr name='Time Per Person' value='0.5'/>
      </wbsNode>
      <wbsNode name='Correción historia de usuario borrar usuario' id='5946088' type='Code Task' indentLevel='2'>
        <attr name='JAC-Time (Top Down)' value='0.5'/>
        <attr name='Time (Top Down)' value='0.5'/>
        <attr name='Time Per Person' value='0.5'/>
      </wbsNode>
      <wbsNode name='Historia de uasuario para mostrar usuario' id='5946089' type='Code Task' indentLevel='2'>
        <attr name='AALF-Time (Top Down)' value='0.75'/>
        <attr name='Time (Top Down)' value='0.75'/>
        <attr name='Time Per Person' value='0.75'/>
      </wbsNode>
      <wbsNode name='Verificación historia de usuario agragar usuario' id='5946090' type='Code Review Task' indentLevel='2'>
        <attr name='SCH-Time (Synced)' value='0.75'/>
        <attr name='SCH-Time (Top Down)' value='0.75'/>
        <attr name='Time (Top Down)' value='0.75'/>
        <attr name='Time Per Person' value='0.75'/>
      </wbsNode>
      <wbsNode name='Correción historia de usuario agragar usuario' id='5946091' type='Code Task' indentLevel='2'>
        <attr name='AALF-Time (Top Down)' value='0.5'/>
        <attr name='Time (Top Down)' value='0.5'/>
        <attr name='Time Per Person' value='0.5'/>
      </wbsNode>
      <wbsNode name='Historia de usuario para generar reporte general en excel' id='5946092' type='Code Task' indentLevel='2'>
        <attr name='JAC-Time (Top Down)' value='0.75'/>
        <attr name='Time (Top Down)' value='0.75'/>
        <attr name='Time Per Person' value='0.75'/>
      </wbsNode>
      <wbsNode name='Verificación Historia  generar reporte general en excel' id='5946093' type='Code Review Task' indentLevel='2'>
        <attr name='SCH-Time (Synced)' value='1.0'/>
        <attr name='SCH-Time (Top Down)' value='1.0'/>
        <attr name='Time (Top Down)' value='1.0'/>
        <attr name='Time Per Person' value='1.0'/>
      </wbsNode>
      <wbsNode name='Correción historia de usuario generar reporte general en excel' id='5946094' type='Code Task' indentLevel='2'>
        <attr name='JAC-Time (Top Down)' value='0.5'/>
        <attr name='Time (Top Down)' value='0.5'/>
        <attr name='Time Per Person' value='0.5'/>
      </wbsNode>
      <wbsNode name='Crear prototipo' id='5946095' type='Design Inspect Task' indentLevel='2'>
        <attr name='AALF-Time (Top Down)' value='0.75'/>
        <attr name='JAC-Time (Top Down)' value='1.0'/>
        <attr name='Time (Top Down)' value='1.75'/>
        <attr name='Time Per Person' value='45.0'/>
      </wbsNode>
      <wbsNode name='Verificación de prototipo' id='5946096' type='Design Inspect Task' indentLevel='2'>
        <attr name='AALF-Time (Top Down)' value='1.0'/>
        <attr name='BMM-Time (Top Down)' value='1.25'/>
        <attr name='JAC-Time (Top Down)' value='1.0'/>
        <attr name='SCH-Time (Synced)' value='0.5'/>
        <attr name='SCH-Time (Top Down)' value='0.5'/>
        <attr name='Time (Top Down)' value='3.75'/>
        <attr name='Time Per Person' value='1.0'/>
      </wbsNode>
      <wbsNode name='Correción' id='5946097' type='Misc Task' indentLevel='2'>
        <attr name='AALF-Time (Top Down)' value='1.0'/>
        <attr name='BMM-Time (Top Down)' value='1.0'/>
        <attr name='JAC-Time (Top Down)' value='1.0'/>
        <attr name='SCH-Time (Top Down)' value='1.0'/>
        <attr name='Time (Top Down)' value='4.0'/>
        <attr name='Time Per Person' value='1.0'/>
      </wbsNode>
      <wbsNode name='Reunión de validación SRS con el cliente (2da reunión)' id='5946098' type='Strategy Task' indentLevel='2'>
        <attr name='AALF-Time (Top Down)' value='1.25'/>
        <attr name='BMM-Time (Top Down)' value='1.5'/>
        <attr name='JAC-Time (Top Down)' value='1.5'/>
        <attr name='SCH-Time (Synced)' value='0.5'/>
        <attr name='SCH-Time (Top Down)' value='0.5'/>
        <attr name='Time (Top Down)' value='4.75'/>
        <attr name='Time Per Person' value='1.5'/>
      </wbsNode>
      <wbsNode name='Tiempo overhead (semana 2)' id='5946099' type='Strategy Task' indentLevel='2'>
        <attr name='AALF-Time (Top Down)' value='0.5'/>
        <attr name='BMM-Time (Top Down)' value='0.5'/>
        <attr name='JAC-Time (Top Down)' value='0.5'/>
        <attr name='SCH-Time (Synced)' value='0.25'/>
        <attr name='SCH-Time (Top Down)' value='0.25'/>
        <attr name='Time (Top Down)' value='1.75'/>
        <attr name='Time Per Person' value='0.5'/>
      </wbsNode>
    <wbsNode name='SEMANA 3' id='5946073' type='Requirements Document' indentLevel='1' expanded='true'/>
      <wbsNode name='Preparación de  reunión de Status (semana 3)' id='5946103' type='Strategy Task' indentLevel='2'>
        <attr name='AALF-Time (Top Down)' value='0.5'/>
        <attr name='BMM-Time (Top Down)' value='1.0'/>
        <attr name='JAC-Time (Top Down)' value='0.5'/>
        <attr name='SCH-Time (Top Down)' value='0.5'/>
        <attr name='Time (Top Down)' value='2.5'/>
        <attr name='Time Per Person' value='0.5'/>
      </wbsNode>
      <wbsNode name='Reunión de Status (semana 3)' id='5946104' type='Strategy Task' indentLevel='2'>
        <attr name='AALF-Time (Top Down)' value='1.0'/>
        <attr name='BMM-Time (Top Down)' value='1.0'/>
        <attr name='JAC-Time (Top Down)' value='1.0'/>
        <attr name='SCH-Time (Top Down)' value='1.0'/>
        <attr name='Time (Top Down)' value='4.0'/>
        <attr name='Time Per Person' value='1.0'/>
      </wbsNode>
      <wbsNode name='Reunión con el Cliente (3ra reunión)' id='5946105' type='Strategy Task' indentLevel='2'>
        <attr name='AALF-Time (Top Down)' value='1.0'/>
        <attr name='BMM-Time (Top Down)' value='1.0'/>
        <attr name='JAC-Time (Top Down)' value='1.0'/>
        <attr name='SCH-Time (Top Down)' value='1.0'/>
        <attr name='Time (Top Down)' value='4.0'/>
        <attr name='Time Per Person' value='1.0'/>
      </wbsNode>
      <wbsNode name='Tiempo de asignasion de roles (semana 3)' id='5946106' type='Strategy Task' indentLevel='2'>
        <attr name='AALF-Time (Top Down)' value='1.0'/>
        <attr name='BMM-Time (Top Down)' value='1.0'/>
        <attr name='JAC-Time (Top Down)' value='1.0'/>
        <attr name='SCH-Time (Top Down)' value='1.0'/>
        <attr name='Time (Top Down)' value='4.0'/>
        <attr name='Time Per Person' value='1.0'/>
      </wbsNode>
      <wbsNode name='Creación SAS' id='5946107' type='Documentation Task' indentLevel='2' expanded='true'>
        <attr name='Time Per Person' value='0.0'/>
      </wbsNode>
        <wbsNode name='Vista Lógica' id='5946108' type='Documentation Task' indentLevel='3'>
          <attr name='AALF-Time (Top Down)' value='1.0'/>
          <attr name='Time (Top Down)' value='1.0'/>
          <attr name='Time Per Person' value='1.0'/>
        </wbsNode>
        <wbsNode name='Verificación vista lógica' id='5946109' type='Documentation Task' indentLevel='3'>
          <attr name='JAC-Time (Top Down)' value='0.5'/>
          <attr name='Time (Top Down)' value='0.5'/>
          <attr name='Time Per Person' value='0.5'/>
        </wbsNode>
        <wbsNode name='Correción vista lógica' id='5946110' type='Documentation Task' indentLevel='3'>
          <attr name='AALF-Time (Top Down)' value='0.5'/>
          <attr name='Time (Top Down)' value='0.5'/>
          <attr name='Time Per Person' value='0.5'/>
        </wbsNode>
      <wbsNode name='Diagrama de Caso de Uso' id='5946111' type='Documentation Task' indentLevel='2'>
        <attr name='Time Per Person' value='60.0'/>
      </wbsNode>
        <wbsNode name='creacion de diagrama de uso' id='5946255' type='Documentation Task' indentLevel='3'>
          <attr name='SCH-Time (Synced)' value='1.5'/>
          <attr name='SCH-Time (Top Down)' value='1.5'/>
          <attr name='Time (Top Down)' value='1.5'/>
          <attr name='Time Per Person' value='1.5'/>
        </wbsNode>
        <wbsNode name='Verificación Diagrama de caso de uso' id='5946112' type='Documentation Task' indentLevel='3'>
          <attr name='JAC-Time (Top Down)' value='0.25'/>
          <attr name='Time (Top Down)' value='0.25'/>
          <attr name='Time Per Person' value='0.25'/>
        </wbsNode>
        <wbsNode name='Correción de diagrama de uso' id='5946113' type='Documentation Task' indentLevel='3'>
          <attr name='SCH-Time (Synced)' value='1.0'/>
          <attr name='SCH-Time (Top Down)' value='1.0'/>
          <attr name='Time (Top Down)' value='1.0'/>
          <attr name='Time Per Person' value='1.0'/>
        </wbsNode>
      <wbsNode name='vista de Despliegue' id='5946256' type='Documentation Task' indentLevel='2'>
        <attr name='Time Per Person' value='0.0'/>
      </wbsNode>
        <wbsNode name='creacion de Vista de Despliegue' id='5946114' type='Documentation Task' indentLevel='3'>
          <attr name='JAC-Time (Top Down)' value='1.0'/>
          <attr name='Time (Top Down)' value='1.0'/>
          <attr name='Time Per Person' value='1.0'/>
        </wbsNode>
        <wbsNode name='Verificación Vista de despliegue' id='5946115' type='Documentation Task' indentLevel='3'>
          <attr name='BMM-Time (Top Down)' value='0.25'/>
          <attr name='Time (Top Down)' value='0.25'/>
          <attr name='Time Per Person' value='0.25'/>
        </wbsNode>
        <wbsNode name='Correción de vista de despliegue' id='5946116' type='Documentation Task' indentLevel='3'>
          <attr name='JAC-Time (Top Down)' value='0.5'/>
          <attr name='Time (Top Down)' value='0.5'/>
          <attr name='Time Per Person' value='0.5'/>
        </wbsNode>
      <wbsNode name='vista de Desarrollo' id='5946257' type='Documentation Task' indentLevel='2'>
        <attr name='Time Per Person' value='0.0'/>
      </wbsNode>
        <wbsNode name='creacion de Vista de Desarrollo' id='5946117' type='Documentation Task' indentLevel='3'>
          <attr name='BMM-Time (Top Down)' value='1.0'/>
          <attr name='Time (Top Down)' value='1.0'/>
          <attr name='Time Per Person' value='1.0'/>
        </wbsNode>
        <wbsNode name='Verificación Vista de Desarrollo' id='5946118' type='Documentation Task' indentLevel='3'>
          <attr name='SCH-Time (Top Down)' value='0.25'/>
          <attr name='Time (Top Down)' value='0.25'/>
          <attr name='Time Per Person' value='0.25'/>
        </wbsNode>
        <wbsNode name='Correcíón de vista de Desarrollo' id='5946119' type='Documentation Task' indentLevel='3'>
          <attr name='BMM-Time (Top Down)' value='0.5'/>
          <attr name='Time (Top Down)' value='0.5'/>
          <attr name='Time Per Person' value='0.5'/>
        </wbsNode>
      <wbsNode name='Diagrama Entidad-Relación' id='5946259' type='Documentation Task' indentLevel='2'>
        <attr name='Time Per Person' value='60.0'/>
      </wbsNode>
        <wbsNode name='creacion Diagrama Entidad-Relación' id='5946120' type='Documentation Task' indentLevel='3'>
          <attr name='BMM-Time (Top Down)' value='1.0'/>
          <attr name='Time (Top Down)' value='1.0'/>
          <attr name='Time Per Person' value='1.0'/>
        </wbsNode>
        <wbsNode name='Verificación  diagrama entidad-relación' id='5946121' type='Documentation Task' indentLevel='3'>
          <attr name='AALF-Time (Top Down)' value='0.25'/>
          <attr name='Time (Top Down)' value='0.25'/>
          <attr name='Time Per Person' value='0.25'/>
        </wbsNode>
        <wbsNode name='Correción de diagrama entidad-relación' id='5946122' type='Documentation Task' indentLevel='3'>
          <attr name='BMM-Time (Top Down)' value='0.5'/>
          <attr name='Time (Top Down)' value='0.5'/>
          <attr name='Time Per Person' value='0.5'/>
        </wbsNode>
      <wbsNode name='Diccionario de Datos' id='5946260' type='Documentation Task' indentLevel='2'>
        <attr name='Time Per Person' value='0.0'/>
      </wbsNode>
        <wbsNode name='creación de Diccionario de Datos' id='5946123' type='Documentation Task' indentLevel='3'>
          <attr name='SCH-Time (Synced)' value='0.5'/>
          <attr name='SCH-Time (Top Down)' value='0.5'/>
          <attr name='Time (Top Down)' value='0.5'/>
          <attr name='Time Per Person' value='0.5'/>
        </wbsNode>
        <wbsNode name='Verificación de diccionario de datos' id='5946124' type='Documentation Task' indentLevel='3'>
          <attr name='AALF-Time (Top Down)' value='0.25'/>
          <attr name='Time (Top Down)' value='0.25'/>
          <attr name='Time Per Person' value='0.25'/>
        </wbsNode>
        <wbsNode name='Correción de diccionario de datos' id='5946125' type='Documentation Task' indentLevel='3'>
          <attr name='SCH-Time (Top Down)' value='0.5'/>
          <attr name='Time (Top Down)' value='0.5'/>
          <attr name='Time Per Person' value='0.5'/>
        </wbsNode>
      <wbsNode name='instalación raspbian.' id='5946126' type='Component' indentLevel='2'>
        <attr name='AALF-Time (Top Down)' value='1.0'/>
        <attr name='Time (Top Down)' value='1.0'/>
        <attr name='Time Per Person' value='1.0'/>
      </wbsNode>
      <wbsNode name='instalación composer' id='5946127' type='Component' indentLevel='2'>
        <attr name='SCH-Time (Top Down)' value='0.75'/>
        <attr name='Time (Top Down)' value='0.75'/>
        <attr name='Time Per Person' value='0.75'/>
      </wbsNode>
      <wbsNode name='instalación vnc.' id='5946128' type='Component' indentLevel='2'>
        <attr name='JAC-Time (Top Down)' value='0.75'/>
        <attr name='Time (Top Down)' value='0.75'/>
        <attr name='Time Per Person' value='0.75'/>
      </wbsNode>
      <wbsNode name='instalar LAMP' id='5946129' type='Component' indentLevel='2'>
        <attr name='BMM-Time (Top Down)' value='0.75'/>
        <attr name='Time (Top Down)' value='0.75'/>
        <attr name='Time Per Person' value='0.75'/>
      </wbsNode>
      <wbsNode name='Investigación del modulo RFID-RC522' id='5946130' type='Documentation Task' indentLevel='2'>
        <attr name='AALF-Time (Top Down)' value='1.5'/>
        <attr name='BMM-Time (Top Down)' value='1.5'/>
        <attr name='JAC-Time (Top Down)' value='1.5'/>
        <attr name='SCH-Time (Synced)' value='1.0'/>
        <attr name='SCH-Time (Top Down)' value='1.0'/>
        <attr name='Time (Top Down)' value='5.5'/>
        <attr name='Time Per Person' value='1.5'/>
      </wbsNode>
      <wbsNode name='Investigación de python para uso de sensores' id='5946131' type='Documentation Task' indentLevel='2'>
        <attr name='AALF-Time (Top Down)' value='0.5'/>
        <attr name='JAC-Time (Top Down)' value='0.5'/>
        <attr name='SCH-Time (Top Down)' value='0.5'/>
        <attr name='Time (Top Down)' value='1.5'/>
        <attr name='Time Per Person' value='0.5'/>
      </wbsNode>
      <wbsNode name='Verificación documento SAS completo' id='5946132' type='Accept Test Task' indentLevel='2'>
        <attr name='AALF-Time (Top Down)' value='0.5'/>
        <attr name='JAC-Time (Top Down)' value='0.5'/>
        <attr name='Time (Top Down)' value='1.0'/>
        <attr name='Time Per Person' value='0.5'/>
      </wbsNode>
      <wbsNode name='Tiempo de pruebas de RFID-RC522' id='5946133' type='Code Review Task' indentLevel='2'>
        <attr name='AALF-Time (Top Down)' value='0.5'/>
        <attr name='JAC-Time (Top Down)' value='0.5'/>
        <attr name='Time (Top Down)' value='1.0'/>
        <attr name='Time Per Person' value='0.5'/>
      </wbsNode>
      <wbsNode name='tiempo overhead (semana 3)' id='5946134' type='Strategy Task' indentLevel='2'>
        <attr name='AALF-Time (Top Down)' value='0.5'/>
        <attr name='BMM-Time (Top Down)' value='0.5'/>
        <attr name='JAC-Time (Top Down)' value='0.5'/>
        <attr name='SCH-Time (Top Down)' value='0.5'/>
        <attr name='Time (Top Down)' value='2.0'/>
        <attr name='Time Per Person' value='0.5'/>
      </wbsNode>
    <wbsNode name='SEMANA 4' id='5946135' type='Software Component' indentLevel='1'>
      <attr name='Time Per Person' value='0.0'/>
    </wbsNode>
      <wbsNode name='Preparación reunión de status (semana 4)' id='5946136' type='Strategy Task' indentLevel='2'>
        <attr name='AALF-Time (Top Down)' value='0.5'/>
        <attr name='BMM-Time (Top Down)' value='1.0'/>
        <attr name='JAC-Time (Top Down)' value='0.5'/>
        <attr name='SCH-Time (Top Down)' value='0.5'/>
        <attr name='Time (Top Down)' value='2.5'/>
        <attr name='Time Per Person' value='0.5'/>
      </wbsNode>
      <wbsNode name='Reunión de status (semana 4)' id='5946137' type='Strategy Task' indentLevel='2'>
        <attr name='AALF-Time (Top Down)' value='1.0'/>
        <attr name='BMM-Time (Top Down)' value='1.0'/>
        <attr name='JAC-Time (Top Down)' value='1.0'/>
        <attr name='SCH-Time (Top Down)' value='1.0'/>
        <attr name='Time (Top Down)' value='4.0'/>
        <attr name='Time Per Person' value='1.0'/>
      </wbsNode>
      <wbsNode name='Tiempo de asignación de roles (semana 4)' id='5946138' type='Strategy Task' indentLevel='2'>
        <attr name='AALF-Time (Top Down)' value='1.0'/>
        <attr name='BMM-Time (Top Down)' value='1.0'/>
        <attr name='JAC-Time (Top Down)' value='1.0'/>
        <attr name='SCH-Time (Top Down)' value='1.0'/>
        <attr name='Time (Top Down)' value='4.0'/>
        <attr name='Time Per Person' value='1.0'/>
      </wbsNode>
      <wbsNode name='Reunión con el cliente (4ta reunión)' id='5946139' type='Strategy Task' indentLevel='2'>
        <attr name='AALF-Time (Top Down)' value='1.0'/>
        <attr name='BMM-Time (Top Down)' value='1.0'/>
        <attr name='JAC-Time (Top Down)' value='1.0'/>
        <attr name='SCH-Time (Top Down)' value='1.0'/>
        <attr name='Time (Top Down)' value='4.0'/>
        <attr name='Time Per Person' value='1.0'/>
      </wbsNode>
      <wbsNode name='Conexión arduino con la base de datos' id='5946140' type='Code Task' indentLevel='2'>
        <attr name='AALF-Time (Top Down)' value='0.5'/>
        <attr name='SCH-Time (Top Down)' value='0.5'/>
        <attr name='Time (Top Down)' value='1.0'/>
        <attr name='Time Per Person' value='0.5'/>
      </wbsNode>
      <wbsNode name='Prueba de conexión' id='5946141' type='Code Review Task' indentLevel='2'>
        <attr name='JAC-Time (Top Down)' value='0.5'/>
        <attr name='Time (Top Down)' value='0.5'/>
        <attr name='Time Per Person' value='0.5'/>
      </wbsNode>
      <wbsNode name='Correción de conexión' id='5946142' type='Code Task' indentLevel='2'>
        <attr name='AALF-Time (Top Down)' value='0.5'/>
        <attr name='SCH-Time (Top Down)' value='0.5'/>
        <attr name='Time (Top Down)' value='1.0'/>
        <attr name='Time Per Person' value='0.5'/>
      </wbsNode>
      <wbsNode name='Investigar librería puerto serial (Python)' id='5946143' type='Documentation Task' indentLevel='2'>
        <attr name='AALF-Time (Top Down)' value='1.0'/>
        <attr name='BMM-Time (Top Down)' value='1.0'/>
        <attr name='JAC-Time (Top Down)' value='1.0'/>
        <attr name='SCH-Time (Top Down)' value='1.0'/>
        <attr name='Time (Top Down)' value='4.0'/>
        <attr name='Time Per Person' value='1.0'/>
      </wbsNode>
      <wbsNode name='Codificar script puerto serial' id='5946144' type='Code Task' indentLevel='2'>
        <attr name='JAC-Time (Top Down)' value='1.0'/>
        <attr name='Time (Top Down)' value='1.0'/>
        <attr name='Time Per Person' value='1.0'/>
      </wbsNode>
      <wbsNode name='Prueba script puerto serial' id='5946145' type='Code Review Task' indentLevel='2'>
        <attr name='BMM-Time (Top Down)' value='0.5'/>
        <attr name='Time (Top Down)' value='0.5'/>
        <attr name='Time Per Person' value='0.5'/>
      </wbsNode>
      <wbsNode name='Correción script puerto serial' id='5946146' type='Code Task' indentLevel='2'>
        <attr name='JAC-Time (Top Down)' value='0.5'/>
        <attr name='Time (Top Down)' value='0.5'/>
        <attr name='Time Per Person' value='0.5'/>
      </wbsNode>
      <wbsNode name='Investigar comunicación Python-Laravel' id='5946147' type='Documentation Task' indentLevel='2'>
        <attr name='AALF-Time (Top Down)' value='1.0'/>
        <attr name='BMM-Time (Top Down)' value='1.0'/>
        <attr name='JAC-Time (Top Down)' value='1.0'/>
        <attr name='SCH-Time (Top Down)' value='1.0'/>
        <attr name='Time (Top Down)' value='4.0'/>
        <attr name='Time Per Person' value='1.0'/>
      </wbsNode>
      <wbsNode name='Comunicar script PS con laravel' id='5946148' type='Code Task' indentLevel='2'>
        <attr name='BMM-Time (Top Down)' value='0.5'/>
        <attr name='SCH-Time (Top Down)' value='0.5'/>
        <attr name='Time (Top Down)' value='1.0'/>
        <attr name='Time Per Person' value='0.5'/>
      </wbsNode>
      <wbsNode name='Prueba comunicación PS-Laravel' id='5946149' type='Code Review Task' indentLevel='2'>
        <attr name='AALF-Time (Top Down)' value='0.5'/>
        <attr name='Time (Top Down)' value='0.5'/>
        <attr name='Time Per Person' value='0.5'/>
      </wbsNode>
      <wbsNode name='Correción comunicación PS-Laravel' id='5946150' type='Code Task' indentLevel='2'>
        <attr name='BMM-Time (Top Down)' value='0.5'/>
        <attr name='SCH-Time (Top Down)' value='0.5'/>
        <attr name='Time (Top Down)' value='1.0'/>
        <attr name='Time Per Person' value='0.5'/>
      </wbsNode>
      <wbsNode name='Integrar lectura RFID a los registros' id='5946151' type='Code Task' indentLevel='2'>
        <attr name='AALF-Time (Top Down)' value='0.5'/>
        <attr name='Time (Top Down)' value='0.5'/>
        <attr name='Time Per Person' value='0.5'/>
      </wbsNode>
      <wbsNode name='Prueba lectura RFID a los registros' id='5946152' type='Code Review Task' indentLevel='2'>
        <attr name='SCH-Time (Top Down)' value='0.5'/>
        <attr name='Time (Top Down)' value='0.5'/>
        <attr name='Time Per Person' value='0.5'/>
      </wbsNode>
      <wbsNode name='Correción lectura RFID a los registros' id='5946153' type='Code Task' indentLevel='2'>
        <attr name='AALF-Time (Top Down)' value='0.5'/>
        <attr name='Time (Top Down)' value='0.5'/>
        <attr name='Time Per Person' value='0.5'/>
      </wbsNode>
      <wbsNode name='Configuración del servidor (Apache)' id='5946154' type='Code Task' indentLevel='2'>
        <attr name='AALF-Time (Top Down)' value='0.5'/>
        <attr name='BMM-Time (Top Down)' value='0.5'/>
        <attr name='JAC-Time (Top Down)' value='0.5'/>
        <attr name='SCH-Time (Top Down)' value='0.5'/>
        <attr name='Time (Top Down)' value='2.0'/>
        <attr name='Time Per Person' value='0.5'/>
      </wbsNode>
      <wbsNode name='Cofigurar dirección estatica raspbian' id='5946155' type='Design Inspect Task' indentLevel='2'>
        <attr name='BMM-Time (Top Down)' value='0.5'/>
        <attr name='JAC-Time (Top Down)' value='0.5'/>
        <attr name='Time (Top Down)' value='1.0'/>
        <attr name='Time Per Person' value='0.5'/>
      </wbsNode>
      <wbsNode name='Reunión de revición con el cliente' id='5946156' type='Strategy Task' indentLevel='2'>
        <attr name='AALF-Time (Top Down)' value='0.5'/>
        <attr name='BMM-Time (Top Down)' value='0.5'/>
        <attr name='JAC-Time (Top Down)' value='0.5'/>
        <attr name='SCH-Time (Top Down)' value='0.5'/>
        <attr name='Time (Top Down)' value='2.0'/>
        <attr name='Time Per Person' value='0.5'/>
      </wbsNode>
      <wbsNode name='tiempo overhead (semana 4)' id='5946157' type='Strategy Task' indentLevel='2'>
        <attr name='AALF-Time (Top Down)' value='1.0'/>
        <attr name='BMM-Time (Top Down)' value='1.0'/>
        <attr name='JAC-Time (Top Down)' value='1.0'/>
        <attr name='SCH-Time (Top Down)' value='1.0'/>
        <attr name='Time (Top Down)' value='4.0'/>
        <attr name='Time Per Person' value='1.0'/>
      </wbsNode>
    <wbsNode name='SEMANA 5' id='5946158' type='Software Component' indentLevel='1'>
      <attr name='Time Per Person' value='0.0'/>
    </wbsNode>
      <wbsNode name='Preparación de reunión de status (semana 5)' id='5946159' type='Strategy Task' indentLevel='2'>
        <attr name='AALF-Time (Top Down)' value='0.5'/>
        <attr name='BMM-Time (Top Down)' value='1.0'/>
        <attr name='JAC-Time (Top Down)' value='0.5'/>
        <attr name='SCH-Time (Top Down)' value='0.5'/>
        <attr name='Time (Top Down)' value='2.5'/>
        <attr name='Time Per Person' value='0.5'/>
      </wbsNode>
      <wbsNode name='Reunión de status (semana 5)' id='5946160' type='Strategy Task' indentLevel='2'>
        <attr name='AALF-Time (Top Down)' value='1.0'/>
        <attr name='BMM-Time (Top Down)' value='1.0'/>
        <attr name='JAC-Time (Top Down)' value='1.0'/>
        <attr name='SCH-Time (Top Down)' value='1.0'/>
        <attr name='Time (Top Down)' value='4.0'/>
        <attr name='Time Per Person' value='1.0'/>
      </wbsNode>
      <wbsNode name='Preparación reunión con el cliente (5ta reunión)' id='5946161' type='Strategy Task' indentLevel='2'>
        <attr name='AALF-Time (Top Down)' value='0.25'/>
        <attr name='BMM-Time (Top Down)' value='0.25'/>
        <attr name='JAC-Time (Top Down)' value='0.25'/>
        <attr name='SCH-Time (Top Down)' value='0.25'/>
        <attr name='Time (Top Down)' value='1.0'/>
        <attr name='Time Per Person' value='0.25'/>
      </wbsNode>
      <wbsNode name='Reunión con el cliente (5ta reunión)' id='5946162' type='Strategy Task' indentLevel='2'>
        <attr name='AALF-Time (Top Down)' value='0.75'/>
        <attr name='BMM-Time (Top Down)' value='0.75'/>
        <attr name='JAC-Time (Top Down)' value='0.75'/>
        <attr name='SCH-Time (Top Down)' value='0.75'/>
        <attr name='Time (Top Down)' value='3.0'/>
        <attr name='Time Per Person' value='0.75'/>
      </wbsNode>
      <wbsNode name='Tiempo de asignación de roles (semana 5)' id='5946163' type='Strategy Task' indentLevel='2'>
        <attr name='AALF-Time (Top Down)' value='1.0'/>
        <attr name='BMM-Time (Top Down)' value='1.0'/>
        <attr name='JAC-Time (Top Down)' value='1.0'/>
        <attr name='SCH-Time (Top Down)' value='1.0'/>
        <attr name='Time (Top Down)' value='4.0'/>
        <attr name='Time Per Person' value='1.0'/>
      </wbsNode>
      <wbsNode name='diseño de circuito final' id='5946164' type='Design Task' indentLevel='2'>
        <attr name='AALF-Time (Top Down)' value='0.75'/>
        <attr name='BMM-Time (Top Down)' value='0.75'/>
        <attr name='JAC-Time (Top Down)' value='0.75'/>
        <attr name='SCH-Time (Top Down)' value='0.75'/>
        <attr name='Time (Top Down)' value='3.0'/>
        <attr name='Time Per Person' value='0.75'/>
      </wbsNode>
      <wbsNode name='creacion de circuito' id='5946165' type='Design Review Task' indentLevel='2'>
        <attr name='AALF-Time (Top Down)' value='1.5'/>
        <attr name='BMM-Time (Top Down)' value='0.5'/>
        <attr name='JAC-Time (Top Down)' value='1.5'/>
        <attr name='SCH-Time (Top Down)' value='0.5'/>
        <attr name='Time (Top Down)' value='4.0'/>
        <attr name='Time Per Person' value='0.5'/>
      </wbsNode>
      <wbsNode name='crear sketch de arduino' id='5946166' type='Code Task' indentLevel='2'>
        <attr name='AALF-Time (Top Down)' value='2.0'/>
        <attr name='BMM-Time (Top Down)' value='2.0'/>
        <attr name='JAC-Time (Top Down)' value='2.0'/>
        <attr name='SCH-Time (Top Down)' value='2.0'/>
        <attr name='Time (Top Down)' value='8.0'/>
        <attr name='Time Per Person' value='2.0'/>
      </wbsNode>
      <wbsNode name='pruebas del sketch' id='5946167' type='Code Review Task' indentLevel='2'>
        <attr name='AALF-Time (Top Down)' value='0.5'/>
        <attr name='BMM-Time (Top Down)' value='0.75'/>
        <attr name='JAC-Time (Top Down)' value='0.5'/>
        <attr name='SCH-Time (Top Down)' value='0.75'/>
        <attr name='Time (Top Down)' value='2.5'/>
        <attr name='Time Per Person' value='0.75'/>
      </wbsNode>
      <wbsNode name='correcion de sketch' id='5946168' type='Code Task' indentLevel='2'>
        <attr name='AALF-Time (Top Down)' value='0.5'/>
        <attr name='BMM-Time (Top Down)' value='0.5'/>
        <attr name='JAC-Time (Top Down)' value='0.5'/>
        <attr name='SCH-Time (Top Down)' value='0.5'/>
        <attr name='Time (Top Down)' value='2.0'/>
        <attr name='Time Per Person' value='0.5'/>
      </wbsNode>
      <wbsNode name='investigacion de case' id='5946169' type='Documentation Task' indentLevel='2'>
        <attr name='SCH-Time (Top Down)' value='0.5'/>
        <attr name='Time (Top Down)' value='0.5'/>
        <attr name='Time Per Person' value='0.5'/>
      </wbsNode>
      <wbsNode name='correccion de circuito' id='5946170' type='Design Task' indentLevel='2'>
        <attr name='AALF-Time (Top Down)' value='0.25'/>
        <attr name='BMM-Time (Top Down)' value='0.5'/>
        <attr name='JAC-Time (Top Down)' value='0.25'/>
        <attr name='SCH-Time (Top Down)' value='0.5'/>
        <attr name='Time (Top Down)' value='1.5'/>
        <attr name='Time Per Person' value='0.5'/>
      </wbsNode>
      <wbsNode name='tiempo overhead (semana 5)' id='5946171' type='Strategy Task' indentLevel='2'>
        <attr name='AALF-Time (Top Down)' value='1.0'/>
        <attr name='BMM-Time (Top Down)' value='1.0'/>
        <attr name='JAC-Time (Top Down)' value='1.0'/>
        <attr name='SCH-Time (Top Down)' value='1.0'/>
        <attr name='Time (Top Down)' value='4.0'/>
        <attr name='Time Per Person' value='1.0'/>
      </wbsNode>
    <wbsNode name='SEMANA 6' id='5946172' type='Software Component' indentLevel='1'>
      <attr name='Time Per Person' value='0.0'/>
    </wbsNode>
      <wbsNode name='Preparación de reunión de status (semana 6)' id='5946173' type='Strategy Task' indentLevel='2'>
        <attr name='AALF-Time (Top Down)' value='0.5'/>
        <attr name='BMM-Time (Top Down)' value='1.0'/>
        <attr name='JAC-Time (Top Down)' value='0.5'/>
        <attr name='SCH-Time (Top Down)' value='0.5'/>
        <attr name='Time (Top Down)' value='2.5'/>
        <attr name='Time Per Person' value='0.5'/>
      </wbsNode>
      <wbsNode name='Reunión de status (semana 6)' id='5946174' type='Strategy Task' indentLevel='2'>
        <attr name='AALF-Time (Top Down)' value='1.0'/>
        <attr name='BMM-Time (Top Down)' value='1.0'/>
        <attr name='JAC-Time (Top Down)' value='1.0'/>
        <attr name='SCH-Time (Top Down)' value='1.0'/>
        <attr name='Time (Top Down)' value='4.0'/>
        <attr name='Time Per Person' value='1.0'/>
      </wbsNode>
      <wbsNode name='Preparación de reunión con el cliente (6ta reunión)' id='5946175' type='Strategy Task' indentLevel='2'>
        <attr name='AALF-Time (Top Down)' value='0.25'/>
        <attr name='BMM-Time (Top Down)' value='0.25'/>
        <attr name='JAC-Time (Top Down)' value='0.25'/>
        <attr name='SCH-Time (Top Down)' value='0.25'/>
        <attr name='Time (Top Down)' value='1.0'/>
        <attr name='Time Per Person' value='0.25'/>
      </wbsNode>
      <wbsNode name='Reunión con el cliente (6ta reunión)' id='5946176' type='Strategy Task' indentLevel='2'>
        <attr name='AALF-Time (Top Down)' value='1.0'/>
        <attr name='BMM-Time (Top Down)' value='1.0'/>
        <attr name='JAC-Time (Top Down)' value='1.0'/>
        <attr name='SCH-Time (Top Down)' value='1.0'/>
        <attr name='Time (Top Down)' value='4.0'/>
        <attr name='Time Per Person' value='1.0'/>
      </wbsNode>
      <wbsNode name='Tiempo de asignación de roles (semana 6)' id='5946177' type='Strategy Task' indentLevel='2'>
        <attr name='AALF-Time (Top Down)' value='1.0'/>
        <attr name='BMM-Time (Top Down)' value='1.0'/>
        <attr name='JAC-Time (Top Down)' value='1.0'/>
        <attr name='SCH-Time (Top Down)' value='1.0'/>
        <attr name='Time (Top Down)' value='4.0'/>
        <attr name='Time Per Person' value='1.0'/>
      </wbsNode>
      <wbsNode name='Realizar conecciones arduino-RC522' id='5946178' type='Code Review Task' indentLevel='2'>
        <attr name='BMM-Time (Top Down)' value='0.75'/>
        <attr name='JAC-Time (Top Down)' value='0.75'/>
        <attr name='Time (Top Down)' value='1.5'/>
        <attr name='Time Per Person' value='0.75'/>
      </wbsNode>
      <wbsNode name='Crear diagrama de conecciónes' id='5946179' type='Documentation Task' indentLevel='2'>
        <attr name='JAC-Time (Top Down)' value='1.5'/>
        <attr name='Time (Top Down)' value='1.5'/>
        <attr name='Time Per Person' value='1.5'/>
      </wbsNode>
      <wbsNode name='Revisión de conecciones' id='5946180' type='Accept Test Task' indentLevel='2'>
        <attr name='SCH-Time (Top Down)' value='1.25'/>
        <attr name='Time (Top Down)' value='1.25'/>
        <attr name='Time Per Person' value='1.25'/>
      </wbsNode>
      <wbsNode name='Correción de conecciones' id='5946181' type='Documentation Task' indentLevel='2'>
        <attr name='AALF-Time (Top Down)' value='0.75'/>
        <attr name='Time (Top Down)' value='0.75'/>
        <attr name='Time Per Person' value='0.75'/>
      </wbsNode>
      <wbsNode name='Investigar librería RC522' id='5946182' type='Design Inspect Task' indentLevel='2'>
        <attr name='AALF-Time (Top Down)' value='1.5'/>
        <attr name='BMM-Time (Top Down)' value='1.5'/>
        <attr name='JAC-Time (Top Down)' value='1.5'/>
        <attr name='SCH-Time (Top Down)' value='1.5'/>
        <attr name='Time (Top Down)' value='6.0'/>
        <attr name='Time Per Person' value='1.5'/>
      </wbsNode>
      <wbsNode name='Crear proyecto en laravel' id='5946183' type='Code Task' indentLevel='2'>
        <attr name='SCH-Time (Top Down)' value='1.5'/>
        <attr name='Time (Top Down)' value='1.5'/>
        <attr name='Time Per Person' value='1.5'/>
      </wbsNode>
      <wbsNode name='Configuración del archivo .env' id='5946184' type='PSP Task' indentLevel='2'>
        <attr name='BMM-Time (Top Down)' value='1.5'/>
        <attr name='Time (Top Down)' value='1.5'/>
        <attr name='Time Per Person' value='1.5'/>
      </wbsNode>
      <wbsNode name='descargar y configurar librería Maatwesite (excel)' id='5946185' type='Code Task' indentLevel='2'>
        <attr name='AALF-Time (Top Down)' value='1.5'/>
        <attr name='Time (Top Down)' value='1.5'/>
        <attr name='Time Per Person' value='1.5'/>
      </wbsNode>
      <wbsNode name='Crear modelo de la tabla usuarios' id='5946186' type='Code Task' indentLevel='2'>
        <attr name='AALF-Time (Top Down)' value='1.5'/>
        <attr name='Time (Top Down)' value='1.5'/>
        <attr name='Time Per Person' value='1.5'/>
      </wbsNode>
      <wbsNode name='Crear rutas de la tabla usuario' id='5946187' type='Code Task' indentLevel='2'>
        <attr name='JAC-Time (Top Down)' value='1.5'/>
        <attr name='Time (Top Down)' value='1.5'/>
        <attr name='Time Per Person' value='1.5'/>
      </wbsNode>
      <wbsNode name='Crear controladores de la tabla usuario' id='5946188' type='Code Task' indentLevel='2'>
        <attr name='BMM-Time (Top Down)' value='1.0'/>
        <attr name='SCH-Time (Top Down)' value='1.0'/>
        <attr name='Time (Top Down)' value='2.0'/>
        <attr name='Time Per Person' value='1.0'/>
      </wbsNode>
      <wbsNode name='tiempo overhead (semana 6)' id='5946189' type='Strategy Task' indentLevel='2'>
        <attr name='AALF-Time (Top Down)' value='1.0'/>
        <attr name='BMM-Time (Top Down)' value='1.0'/>
        <attr name='JAC-Time (Top Down)' value='1.0'/>
        <attr name='SCH-Time (Top Down)' value='1.0'/>
        <attr name='Time (Top Down)' value='4.0'/>
        <attr name='Time Per Person' value='1.0'/>
      </wbsNode>
    <wbsNode name='SEMANA 7' id='5946190' type='Software Component' indentLevel='1'>
      <attr name='Time Per Person' value='0.0'/>
    </wbsNode>
      <wbsNode name='Preparación reunión de status (semana 7)' id='5946191' type='Strategy Task' indentLevel='2'>
        <attr name='AALF-Time (Top Down)' value='0.5'/>
        <attr name='BMM-Time (Top Down)' value='1.0'/>
        <attr name='JAC-Time (Top Down)' value='0.5'/>
        <attr name='SCH-Time (Top Down)' value='0.5'/>
        <attr name='Time (Top Down)' value='2.5'/>
        <attr name='Time Per Person' value='0.5'/>
      </wbsNode>
      <wbsNode name='Reunión de status (semana 7)' id='5946192' type='Strategy Task' indentLevel='2'>
        <attr name='AALF-Time (Top Down)' value='1.0'/>
        <attr name='BMM-Time (Top Down)' value='1.0'/>
        <attr name='JAC-Time (Top Down)' value='1.0'/>
        <attr name='SCH-Time (Top Down)' value='1.0'/>
        <attr name='Time (Top Down)' value='4.0'/>
        <attr name='Time Per Person' value='1.0'/>
      </wbsNode>
      <wbsNode name='Tiempo de asignación de roles (semana 7)' id='5946193' type='Strategy Task' indentLevel='2'>
        <attr name='AALF-Time (Top Down)' value='1.0'/>
        <attr name='BMM-Time (Top Down)' value='1.0'/>
        <attr name='JAC-Time (Top Down)' value='1.0'/>
        <attr name='SCH-Time (Top Down)' value='1.0'/>
        <attr name='Time (Top Down)' value='4.0'/>
        <attr name='Time Per Person' value='1.0'/>
      </wbsNode>
      <wbsNode name='Reunión con el cliente (7ma reunión)' id='5946194' type='Strategy Task' indentLevel='2'>
        <attr name='AALF-Time (Top Down)' value='1.0'/>
        <attr name='BMM-Time (Top Down)' value='1.0'/>
        <attr name='JAC-Time (Top Down)' value='1.0'/>
        <attr name='SCH-Time (Top Down)' value='1.0'/>
        <attr name='Time (Top Down)' value='4.0'/>
        <attr name='Time Per Person' value='1.0'/>
      </wbsNode>
      <wbsNode name='Crear documento plan de pruebas' id='5946195' type='Documentation Task' indentLevel='2'>
        <attr name='JAC-Time (Top Down)' value='1.5'/>
        <attr name='Time (Top Down)' value='1.5'/>
        <attr name='Time Per Person' value='1.5'/>
      </wbsNode>
      <wbsNode name='Verificación de plan de pruebas' id='5946196' type='Documentation Task' indentLevel='2'>
        <attr name='AALF-Time (Top Down)' value='0.5'/>
        <attr name='Time (Top Down)' value='0.5'/>
        <attr name='Time Per Person' value='0.5'/>
      </wbsNode>
      <wbsNode name='Correción plan de pruebas' id='5946197' type='Documentation Task' indentLevel='2'>
        <attr name='JAC-Time (Top Down)' value='0.5'/>
        <attr name='Time (Top Down)' value='0.5'/>
        <attr name='Time Per Person' value='0.5'/>
      </wbsNode>
      <wbsNode name='Crear casos de pruebas' id='5946198' type='Sys Test Task' indentLevel='2'>
        <attr name='AALF-Time (Top Down)' value='1.5'/>
        <attr name='Time (Top Down)' value='1.5'/>
        <attr name='Time Per Person' value='1.5'/>
      </wbsNode>
      <wbsNode name='Verificación caso de pruebas' id='5946199' type='Sys Test Task' indentLevel='2'>
        <attr name='JAC-Time (Top Down)' value='0.5'/>
        <attr name='Time (Top Down)' value='0.5'/>
        <attr name='Time Per Person' value='0.5'/>
      </wbsNode>
      <wbsNode name='Correción caso de pruebas' id='5946200' type='Sys Test Task' indentLevel='2'>
        <attr name='AALF-Time (Top Down)' value='0.5'/>
        <attr name='Time (Top Down)' value='0.5'/>
        <attr name='Time Per Person' value='0.5'/>
      </wbsNode>
      <wbsNode name='Crear historia de usuario para crear login' id='5946201' type='Code Task' indentLevel='2'>
        <attr name='SCH-Time (Top Down)' value='1.5'/>
        <attr name='Time (Top Down)' value='1.5'/>
        <attr name='Time Per Person' value='1.5'/>
      </wbsNode>
      <wbsNode name='Prueba unitaria crear login' id='5946202' type='Code Review Task' indentLevel='2'>
        <attr name='BMM-Time (Top Down)' value='0.5'/>
        <attr name='Time (Top Down)' value='0.5'/>
        <attr name='Time Per Person' value='0.5'/>
      </wbsNode>
      <wbsNode name='Prueba integración cerar login' id='5946203' type='Compile Task' indentLevel='2'>
        <attr name='SCH-Time (Top Down)' value='0.5'/>
        <attr name='Time (Top Down)' value='0.5'/>
        <attr name='Time Per Person' value='0.5'/>
      </wbsNode>
      <wbsNode name='Correción crear login' id='5946204' type='Code Task' indentLevel='2'>
        <attr name='SCH-Time (Top Down)' value='0.5'/>
        <attr name='Time (Top Down)' value='0.5'/>
        <attr name='Time Per Person' value='0.5'/>
      </wbsNode>
      <wbsNode name='Crear historia para agregar usuario' id='5946205' type='Code Task' indentLevel='2'>
        <attr name='BMM-Time (Top Down)' value='1.5'/>
        <attr name='Time (Top Down)' value='1.5'/>
        <attr name='Time Per Person' value='1.5'/>
      </wbsNode>
      <wbsNode name='Prueba unitaria agregar usuario' id='5946206' type='Code Review Task' indentLevel='2'>
        <attr name='AALF-Time (Top Down)' value='0.5'/>
        <attr name='Time (Top Down)' value='0.5'/>
        <attr name='Time Per Person' value='0.5'/>
      </wbsNode>
      <wbsNode name='Prueba integración agregar usuario' id='5946207' type='Code Inspect Task' indentLevel='2'>
        <attr name='BMM-Time (Top Down)' value='0.5'/>
        <attr name='Time (Top Down)' value='0.5'/>
        <attr name='Time Per Person' value='0.5'/>
      </wbsNode>
      <wbsNode name='Correción agregar usuario' id='5946208' type='Code Task' indentLevel='2'>
        <attr name='BMM-Time (Top Down)' value='0.5'/>
        <attr name='Time (Top Down)' value='0.5'/>
        <attr name='Time Per Person' value='0.5'/>
      </wbsNode>
      <wbsNode name='Craer historia para modificar usuario' id='5946209' type='Code Task' indentLevel='2'>
        <attr name='BMM-Time (Top Down)' value='1.5'/>
        <attr name='Time (Top Down)' value='1.5'/>
        <attr name='Time Per Person' value='1.5'/>
      </wbsNode>
      <wbsNode name='Prueba unitaria modificar usuario' id='5946210' type='Code Review Task' indentLevel='2'>
        <attr name='JAC-Time (Top Down)' value='0.5'/>
        <attr name='Time (Top Down)' value='0.5'/>
        <attr name='Time Per Person' value='0.5'/>
      </wbsNode>
      <wbsNode name='Prueba integración modificar usuario' id='5946211' type='Compile Task' indentLevel='2'>
        <attr name='BMM-Time (Top Down)' value='0.5'/>
        <attr name='Time (Top Down)' value='0.5'/>
        <attr name='Time Per Person' value='0.5'/>
      </wbsNode>
      <wbsNode name='Correción modificar usuario' id='5946212' type='Code Task' indentLevel='2'>
        <attr name='BMM-Time (Top Down)' value='0.5'/>
        <attr name='Time (Top Down)' value='0.5'/>
        <attr name='Time Per Person' value='0.5'/>
      </wbsNode>
      <wbsNode name='Crear historia mostrar usuario' id='5946213' type='Code Task' indentLevel='2'>
        <attr name='JAC-Time (Top Down)' value='1.5'/>
        <attr name='Time (Top Down)' value='1.5'/>
        <attr name='Time Per Person' value='1.5'/>
      </wbsNode>
      <wbsNode name='Pruebas unitaria mostrar usuario' id='5946214' type='Code Review Task' indentLevel='2'>
        <attr name='AALF-Time (Top Down)' value='0.5'/>
        <attr name='SCH-Time (Top Down)' value='0.5'/>
        <attr name='Time (Top Down)' value='1.0'/>
        <attr name='Time Per Person' value='0.5'/>
      </wbsNode>
      <wbsNode name='Prueba integración mostar usuario' id='5946215' type='Compile Task' indentLevel='2'>
        <attr name='JAC-Time (Top Down)' value='0.5'/>
        <attr name='Time (Top Down)' value='0.5'/>
        <attr name='Time Per Person' value='0.5'/>
      </wbsNode>
      <wbsNode name='Correción mostrar usuario' id='5946216' type='Code Task' indentLevel='2'>
        <attr name='JAC-Time (Top Down)' value='0.5'/>
        <attr name='Time (Top Down)' value='0.5'/>
        <attr name='Time Per Person' value='0.5'/>
      </wbsNode>
      <wbsNode name='Crear historia borrar usuario' id='5946217' type='Code Task' indentLevel='2'>
        <attr name='SCH-Time (Top Down)' value='1.5'/>
        <attr name='Time (Top Down)' value='1.5'/>
        <attr name='Time Per Person' value='1.5'/>
      </wbsNode>
      <wbsNode name='Prueba unitaria borrar usuario' id='5946218' type='Code Review Task' indentLevel='2'>
        <attr name='JAC-Time (Top Down)' value='0.5'/>
        <attr name='Time (Top Down)' value='0.5'/>
        <attr name='Time Per Person' value='0.5'/>
      </wbsNode>
      <wbsNode name='Prueba integración borrar usuario' id='5946219' type='Compile Task' indentLevel='2'>
        <attr name='SCH-Time (Top Down)' value='0.5'/>
        <attr name='Time (Top Down)' value='0.5'/>
        <attr name='Time Per Person' value='0.5'/>
      </wbsNode>
      <wbsNode name='Correción borrar usuario' id='5946220' type='Code Task' indentLevel='2'>
        <attr name='SCH-Time (Top Down)' value='0.5'/>
        <attr name='Time (Top Down)' value='0.5'/>
        <attr name='Time Per Person' value='0.5'/>
      </wbsNode>
      <wbsNode name='Crear historia para generar reporte general en excel' id='5946221' type='Code Task' indentLevel='2'>
        <attr name='AALF-Time (Top Down)' value='1.5'/>
        <attr name='Time (Top Down)' value='1.5'/>
        <attr name='Time Per Person' value='1.5'/>
      </wbsNode>
      <wbsNode name='Prueba unitaria generar reporte general en excel' id='5946222' type='Code Review Task' indentLevel='2'>
        <attr name='SCH-Time (Top Down)' value='0.5'/>
        <attr name='Time (Top Down)' value='0.5'/>
        <attr name='Time Per Person' value='0.5'/>
      </wbsNode>
      <wbsNode name='Prueba integración generar reporte general excel' id='5946223' type='Compile Task' indentLevel='2'>
        <attr name='AALF-Time (Top Down)' value='0.5'/>
        <attr name='Time (Top Down)' value='0.5'/>
        <attr name='Time Per Person' value='0.5'/>
      </wbsNode>
      <wbsNode name='Correción generar reporte general en excel' id='5946224' type='Code Task' indentLevel='2'>
        <attr name='AALF-Time (Top Down)' value='0.5'/>
        <attr name='Time (Top Down)' value='0.5'/>
        <attr name='Time Per Person' value='0.5'/>
      </wbsNode>
      <wbsNode name='Tiempo overhead (semana 7)' id='5946225' type='Strategy Task' indentLevel='2'>
        <attr name='AALF-Time (Top Down)' value='0.5'/>
        <attr name='BMM-Time (Top Down)' value='0.5'/>
        <attr name='JAC-Time (Top Down)' value='0.5'/>
        <attr name='SCH-Time (Top Down)' value='0.5'/>
        <attr name='Time (Top Down)' value='2.0'/>
        <attr name='Time Per Person' value='0.5'/>
      </wbsNode>
    <wbsNode name='SEMANA 8' id='5946226' type='High Level Design Document' indentLevel='1'>
      <attr name='Time Per Person' value='0.0'/>
    </wbsNode>
      <wbsNode name='Preparación de reunión de status (semana 8)' id='5946227' type='Strategy Task' indentLevel='2'>
        <attr name='AALF-Time (Top Down)' value='0.5'/>
        <attr name='BMM-Time (Top Down)' value='1.0'/>
        <attr name='JAC-Time (Top Down)' value='0.5'/>
        <attr name='SCH-Time (Top Down)' value='0.5'/>
        <attr name='Time (Top Down)' value='2.5'/>
        <attr name='Time Per Person' value='0.5'/>
      </wbsNode>
      <wbsNode name='Reunión de status (semana 8)' id='5946228' type='Strategy Task' indentLevel='2'>
        <attr name='AALF-Time (Top Down)' value='1.0'/>
        <attr name='BMM-Time (Top Down)' value='1.0'/>
        <attr name='JAC-Time (Top Down)' value='1.0'/>
        <attr name='SCH-Time (Top Down)' value='1.0'/>
        <attr name='Time (Top Down)' value='4.0'/>
        <attr name='Time Per Person' value='1.0'/>
      </wbsNode>
      <wbsNode name='Preparación de reunión con el cliente (8va reunión)' id='5946229' type='Misc Task' indentLevel='2'>
        <attr name='AALF-Time (Top Down)' value='0.25'/>
        <attr name='BMM-Time (Top Down)' value='0.25'/>
        <attr name='JAC-Time (Top Down)' value='0.25'/>
        <attr name='SCH-Time (Top Down)' value='0.25'/>
        <attr name='Time (Top Down)' value='1.0'/>
        <attr name='Time Per Person' value='0.25'/>
      </wbsNode>
      <wbsNode name='Reunión con el cliente (8va reunión)' id='5946230' type='Strategy Task' indentLevel='2'>
        <attr name='AALF-Time (Top Down)' value='0.75'/>
        <attr name='BMM-Time (Top Down)' value='0.75'/>
        <attr name='JAC-Time (Top Down)' value='0.75'/>
        <attr name='SCH-Time (Top Down)' value='0.75'/>
        <attr name='Time (Top Down)' value='3.0'/>
        <attr name='Time Per Person' value='0.75'/>
      </wbsNode>
      <wbsNode name='Tiempo de asignación de roles (semana8)' id='5946231' type='Strategy Task' indentLevel='2'>
        <attr name='AALF-Time (Top Down)' value='1.0'/>
        <attr name='BMM-Time (Top Down)' value='1.0'/>
        <attr name='JAC-Time (Top Down)' value='1.0'/>
        <attr name='SCH-Time (Top Down)' value='1.0'/>
        <attr name='Time (Top Down)' value='4.0'/>
        <attr name='Time Per Person' value='1.0'/>
      </wbsNode>
      <wbsNode name='creación de manuales' id='5946232' type='Documentation Task' indentLevel='2'>
        <attr name='Time Per Person' value='0.0'/>
      </wbsNode>
      <wbsNode name='manual de usuario' id='5946233' type='Documentation Task' indentLevel='2'>
        <attr name='BMM-Time (Top Down)' value='2.5'/>
        <attr name='JAC-Time (Top Down)' value='3.5'/>
        <attr name='Time (Top Down)' value='6.0'/>
        <attr name='Time Per Person' value='150.0'/>
      </wbsNode>
      <wbsNode name='verificación de manual de usuario' id='5946234' type='Documentation Task' indentLevel='2'>
        <attr name='BMM-Time (Top Down)' value='0.5'/>
        <attr name='Time (Top Down)' value='0.5'/>
        <attr name='Time Per Person' value='0.5'/>
      </wbsNode>
      <wbsNode name='validación de manual de usuario' id='5946235' type='Accept Test Task' indentLevel='2'>
        <attr name='AALF-Time (Top Down)' value='0.5'/>
        <attr name='Time (Top Down)' value='0.5'/>
        <attr name='Time Per Person' value='0.5'/>
      </wbsNode>
      <wbsNode name='Correcion manual de usuario' id='5946236' type='Documentation Task' indentLevel='2'>
        <attr name='JAC-Time (Top Down)' value='1.0'/>
        <attr name='Time (Top Down)' value='1.0'/>
        <attr name='Time Per Person' value='1.0'/>
      </wbsNode>
      <wbsNode name='manual de mantenimiento' id='5946237' type='Documentation Task' indentLevel='2'>
        <attr name='AALF-Time (Top Down)' value='4.0'/>
        <attr name='Time (Top Down)' value='4.0'/>
        <attr name='Time Per Person' value='4.0'/>
      </wbsNode>
      <wbsNode name='verificación de manual de mantenimiento' id='5946238' type='Documentation Task' indentLevel='2'>
        <attr name='BMM-Time (Top Down)' value='1.0'/>
        <attr name='Time (Top Down)' value='1.0'/>
        <attr name='Time Per Person' value='1.0'/>
      </wbsNode>
      <wbsNode name='validación de manual de mantenimiento' id='5946239' type='Accept Test Task' indentLevel='2'>
        <attr name='JAC-Time (Top Down)' value='1.0'/>
        <attr name='Time (Top Down)' value='1.0'/>
        <attr name='Time Per Person' value='1.0'/>
      </wbsNode>
      <wbsNode name='correción manual de mantenimiento' id='5946240' type='Documentation Task' indentLevel='2'>
        <attr name='AALF-Time (Top Down)' value='0.5'/>
        <attr name='Time (Top Down)' value='0.5'/>
        <attr name='Time Per Person' value='0.5'/>
      </wbsNode>
      <wbsNode name='manual de operación' id='5946241' type='Documentation Task' indentLevel='2'>
        <attr name='SCH-Time (Top Down)' value='4.5'/>
        <attr name='Time (Top Down)' value='4.5'/>
        <attr name='Time Per Person' value='4.5'/>
      </wbsNode>
      <wbsNode name='verificación de manual de operación' id='5946242' type='Documentation Task' indentLevel='2'>
        <attr name='BMM-Time (Top Down)' value='1.0'/>
        <attr name='Time (Top Down)' value='1.0'/>
        <attr name='Time Per Person' value='1.0'/>
      </wbsNode>
      <wbsNode name='validación de manual de operación' id='5946243' type='Documentation Task' indentLevel='2'>
        <attr name='AALF-Time (Top Down)' value='0.5'/>
        <attr name='Time (Top Down)' value='0.5'/>
        <attr name='Time Per Person' value='0.5'/>
      </wbsNode>
      <wbsNode name='correcion manual de operación' id='5946244' type='Documentation Task' indentLevel='2'>
        <attr name='SCH-Time (Top Down)' value='1.0'/>
        <attr name='Time (Top Down)' value='1.0'/>
        <attr name='Time Per Person' value='1.0'/>
      </wbsNode>
      <wbsNode name='tiempo overhead (semana 8)' id='5946245' type='Strategy Task' indentLevel='2'>
        <attr name='AALF-Time (Top Down)' value='1.0'/>
        <attr name='BMM-Time (Top Down)' value='1.0'/>
        <attr name='JAC-Time (Top Down)' value='1.0'/>
        <attr name='SCH-Time (Top Down)' value='1.0'/>
        <attr name='Time (Top Down)' value='4.0'/>
        <attr name='Time Per Person' value='1.0'/>
      </wbsNode>
    <wbsNode name='SEMANA 9' id='5946246' type='Detailed Design Document' indentLevel='1'>
      <attr name='Time Per Person' value='0.0'/>
    </wbsNode>
      <wbsNode name='Preparación de reunión de status (semana 9)' id='5946247' type='Strategy Task' indentLevel='2'>
        <attr name='AALF-Time (Top Down)' value='0.5'/>
        <attr name='BMM-Time (Top Down)' value='1.0'/>
        <attr name='JAC-Time (Top Down)' value='0.5'/>
        <attr name='SCH-Time (Top Down)' value='0.5'/>
        <attr name='Time (Top Down)' value='2.5'/>
        <attr name='Time Per Person' value='0.5'/>
      </wbsNode>
      <wbsNode name='Reunión de status (semana 9)' id='5946248' type='Strategy Task' indentLevel='2'>
        <attr name='AALF-Time (Top Down)' value='1.0'/>
        <attr name='BMM-Time (Top Down)' value='1.0'/>
        <attr name='JAC-Time (Top Down)' value='1.0'/>
        <attr name='SCH-Time (Top Down)' value='1.0'/>
        <attr name='Time (Top Down)' value='4.0'/>
        <attr name='Time Per Person' value='1.0'/>
      </wbsNode>
      <wbsNode name='Tiempo de asignación de roles (semana 9)' id='5946249' type='Strategy Task' indentLevel='2'>
        <attr name='AALF-Time (Top Down)' value='1.0'/>
        <attr name='BMM-Time (Top Down)' value='1.0'/>
        <attr name='JAC-Time (Top Down)' value='1.0'/>
        <attr name='SCH-Time (Top Down)' value='1.0'/>
        <attr name='Time (Top Down)' value='4.0'/>
        <attr name='Time Per Person' value='1.0'/>
      </wbsNode>
      <wbsNode name='Reunión final con el cliente' id='5946250' type='Misc Task' indentLevel='2'>
        <attr name='AALF-Time (Top Down)' value='0.5'/>
        <attr name='BMM-Time (Top Down)' value='0.5'/>
        <attr name='JAC-Time (Top Down)' value='0.5'/>
        <attr name='SCH-Time (Top Down)' value='0.5'/>
        <attr name='Time (Top Down)' value='2.0'/>
        <attr name='Time Per Person' value='0.5'/>
      </wbsNode>
      <wbsNode name='Implementacion del sistema' id='5946251' type='Misc Task' indentLevel='2'>
        <attr name='BMM-Time (Top Down)' value='1.0'/>
        <attr name='JAC-Time (Top Down)' value='1.0'/>
        <attr name='Time (Top Down)' value='2.0'/>
        <attr name='Time Per Person' value='1.0'/>
      </wbsNode>
      <wbsNode name='Entrega final del producto' id='5946252' type='Misc Task' indentLevel='2'>
        <attr name='AALF-Time (Top Down)' value='0.5'/>
        <attr name='BMM-Time (Top Down)' value='0.5'/>
        <attr name='JAC-Time (Top Down)' value='0.5'/>
        <attr name='SCH-Time (Top Down)' value='0.5'/>
        <attr name='Time (Top Down)' value='2.0'/>
        <attr name='Time Per Person' value='0.5'/>
      </wbsNode>
      <wbsNode name='Capacitación de usuarios' id='5946253' type='Misc Task' indentLevel='2'>
        <attr name='AALF-Time (Top Down)' value='6.5'/>
        <attr name='BMM-Time (Top Down)' value='5.0'/>
        <attr name='JAC-Time (Top Down)' value='5.5'/>
        <attr name='SCH-Time (Top Down)' value='6.5'/>
        <attr name='Time (Top Down)' value='23.5'/>
        <attr name='Time Per Person' value='6.5'/>
      </wbsNode>
</wbsModel>
