<teamList firstDayOfWeek='2' referenceDate='@1552600800000'>
  <teamMember name='Samanta Castro Hernandez' tmid='1928806240' initials='SCH' color='#66ff99' subteams='' startDate='@1552867200000' startWeek='1' endWeek='11' hoursPerWeek='10.0'>
    <scheduleException week='1' hours='10.0'/>
  </teamMember>
  <teamMember name='Bety  Miranda Miranda' tmid='526816793' initials='BMM' color='#9900cc' subteams='' startDate='@1552867200000' startWeek='1' endWeek='11' hoursPerWeek='10.0'>
    <scheduleException week='1' hours='10.0'/>
  </teamMember>
  <teamMember name='Alan Arturo Loya Favela' tmid='734296432' initials='AALF' color='#ff33ff' subteams='' startDate='@1552867200000' startWeek='1' endWeek='11' hoursPerWeek='10.0'/>
  <teamMember name='Jesús Albino Calderón' tmid='201104593' initials='JAC' color='#000000' subteams='' startDate='@1552867200000' startWeek='1' endWeek='11' hoursPerWeek='10.0'/>
</teamList>
